member_id,age,sex,plan,region,enroll_date,term_date,death_date,vulnerable,pcp
M-00001,28,M,Medicaid,Fairhaven,2024-01-01,,,True,P-0017
M-00002,11,F,Medicaid,Fairhaven,2024-01-01,,,True,P-0013
M-00003,19,M,Commercial,Stonebridge,2024-01-01,,,False,P-0004
M-00004,38,F,Commercial,Lakemont,2024-01-01,,,False,P-0003
M-00005,70,M,Medicare Advantage,Stonebridge,2024-01-01,,,True,P-0008
M-00006,5,F,Medicaid,Stonebridge,2024-01-01,,,True,P-0004
M-00007,23,F,Commercial,Pinecrest,2024-01-01,,,False,P-0027
M-00008,43,F,Commercial,Eastvale,2024-01-01,,,False,P-0015
M-00009,37,F,Commercial,Stonebridge,2024-01-01,,,False,P-0018
M-00010,30,F,Commercial,Rivergate,2024-01-01,,,False,P-0042
M-00011,2,M,Medicaid,Pinecrest,2024-01-01,,,True,P-0008
M-00012,51,F,Commercial,Fairhaven,2024-01-01,,,False,P-0005
M-00013,24,M,Commercial,Fairhaven,2024-01-01,,,False,P-0013
M-00014,67,M,Medicare Advantage,Stonebridge,2024-01-01,,,True,P-0018
M-00015,84,F,Medicare Advantage,Lakemont,2024-01-01,,,True,P-0026
M-00016,57,F,Commercial,Lakemont,2024-01-01,,,False,P-0008
M-00017,49,M,Commercial,Eastvale,2024-01-01,,,False,P-0036
M-00018,70,M,Medicare Advantage,Lakemont,2024-01-01,,,True,P-0036
M-00019,34,F,Commercial,Fairhaven,2024-10-11,2025-03-14,,False,P-0044
M-00020,42,M,Medicaid,Rivergate,2024-01-01,,,True,P-0002
M-00021,51,F,Medicaid,Stonebridge,2024-01-01,,,True,P-0004
M-00022,44,F,Commercial,Pinecrest,2024-01-01,,,False,P-0001
M-00023,20,F,Commercial,Lakemont,2024-01-01,,,False,P-0019
M-00024,34,M,Commercial,Stonebridge,2024-01-01,,,False,P-0012
M-00025,36,F,Medicaid,Rivergate,2024-01-01,,,True,P-0001
M-00026,70,F,Medicare Advantage,Rivergate,2024-01-01,,,True,P-0002
M-00027,76,F,Medicare Advantage,Stonebridge,2024-01-01,,,True,P-0021
M-00028,19,M,Medicaid,Fairhaven,2024-01-01,,,True,P-0006
M-00029,57,F,Commercial,Rivergate,2024-01-01,,,False,P-0001
M-00030,76,M,Medicaid,Eastvale,2024-01-01,,,True,P-0008
M-00031,9,F,Medicaid,Lakemont,2024-01-01,,,True,P-0019
M-00032,36,M,Commercial,Eastvale,2024-01-01,,,False,P-0028
M-00033,53,M,Commercial,Rivergate,2025-01-24,,,False,P-0009
M-00034,51,F,Commercial,Eastvale,2024-01-01,,,False,P-0025
M-00035,75,F,Medicare Advantage,Stonebridge,2024-01-01,,,True,P-0013
M-00036,28,M,Commercial,Fairhaven,2024-01-01,,,False,P-0037
M-00037,1,M,Medicaid,Fairhaven,2024-01-01,,,True,P-0008
M-00038,89,M,Medicare Advantage,Pinecrest,2024-01-01,,,True,P-0008
M-00039,71,F,Medicare Advantage,Pinecrest,2024-01-01,,,True,P-0013
M-00040,88,M,Medicare Advantage,Eastvale,2024-01-01,,,True,P-0038
M-00041,16,M,Medicaid,Lakemont,2024-01-01,,,True,P-0022
M-00042,36,M,Commercial,Pinecrest,2024-01-01,,,False,P-0008
M-00043,17,F,Medicaid,Stonebridge,2024-01-01,,,True,P-0004
M-00044,4,F,Commercial,Eastvale,2024-01-01,,,False,P-0025
M-00045,79,F,Medicaid,Pinecrest,2024-08-08,,,True,P-0001
M-00046,72,M,Medicare Advantage,Eastvale,2024-01-01,,,True,P-0039
M-00047,69,F,Medicare Advantage,Rivergate,2024-09-01,,,True,P-0042
M-00048,32,M,Commercial,Stonebridge,2024-01-01,,,False,P-0004
M-00049,42,M,Commercial,Lakemont,2024-01-01,,,False,P-0020
M-00050,42,M,Medicaid,Stonebridge,2024-01-01,,,True,P-0013
M-00051,31,F,Medicaid,Stonebridge,2024-01-01,,,True,P-0004
M-00052,47,F,Medicaid,Pinecrest,2024-01-01,2024-10-15,,True,P-0008
M-00053,37,F,Commercial,Rivergate,2024-01-01,,,False,P-0008
M-00054,11,M,Medicaid,Stonebridge,2024-01-01,,,True,P-0022
M-00055,16,F,Medicaid,Eastvale,2024-01-01,,,True,P-0023
M-00056,86,F,Medicare Advantage,Pinecrest,2024-01-01,2025-04-09,,True,P-0027
M-00057,9,F,Commercial,Stonebridge,2025-04-29,,,False,P-0035
M-00058,72,M,Medicare Advantage,Rivergate,2024-01-01,,,True,P-0002
M-00059,35,F,Commercial,Lakemont,2024-01-01,,,False,P-0016
M-00060,12,F,Medicaid,Rivergate,2024-01-01,2024-11-10,,True,P-0002
M-00061,46,M,Commercial,Rivergate,2024-01-01,,,False,P-0029
M-00062,10,F,Medicaid,Fairhaven,2024-01-01,,,True,P-0033
M-00063,70,F,Medicaid,Eastvale,2024-01-01,,,True,P-0003
M-00064,26,M,Commercial,Eastvale,2024-03-13,,,False,P-0008
M-00065,89,F,Medicaid,Fairhaven,2024-01-01,,,True,P-0006
M-00066,40,F,Commercial,Rivergate,2024-01-01,,,False,P-0038
M-00067,26,M,Commercial,Eastvale,2024-01-01,,,False,P-0029
M-00068,65,F,Medicare Advantage,Rivergate,2024-01-01,,,True,P-0008
M-00069,49,M,Medicaid,Pinecrest,2024-01-01,,,True,P-0008
M-00070,33,F,Commercial,Pinecrest,2025-01-18,,,False,P-0008
M-00071,52,M,Medicaid,Fairhaven,2024-01-01,,,True,P-0032
M-00072,88,M,Medicare Advantage,Rivergate,2024-01-01,,,True,P-0007
M-00073,0,F,Medicaid,Eastvale,2025-02-18,,,True,P-0030
M-00074,49,F,Commercial,Pinecrest,2024-01-01,,,False,P-0008
M-00075,71,F,Medicare Advantage,Eastvale,2024-01-01,,,True,P-0038
M-00076,20,F,Commercial,Stonebridge,2024-01-01,,,False,P-0046
M-00077,36,M,Commercial,Pinecrest,2024-01-01,,,False,P-0044
M-00078,36,M,Medicaid,Lakemont,2024-01-01,,,True,P-0031
M-00079,58,M,Medicaid,Rivergate,2024-01-01,,,True,P-0007
M-00080,78,M,Medicare Advantage,Lakemont,2024-01-01,,,True,P-0045
M-00081,45,M,Commercial,Fairhaven,2024-01-01,,,False,P-0006
M-00082,53,M,Commercial,Pinecrest,2024-01-01,,,False,P-0027
M-00083,16,M,Medicaid,Eastvale,2024-01-01,,,True,P-0029
M-00084,3,M,Medicaid,Stonebridge,2024-01-01,,,True,P-0008
M-00085,3,F,Medicaid,Lakemont,2024-01-01,,,True,P-0036
M-00086,3,F,Commercial,Pinecrest,2024-01-01,,,False,P-0026
M-00087,21,F,Medicaid,Fairhaven,2024-01-01,,,True,P-0010
M-00088,43,M,Commercial,Lakemont,2025-04-23,,,False,P-0008
M-00089,36,F,Commercial,Eastvale,2024-01-01,2024-06-23,,False,P-0012
M-00090,78,M,Medicare Advantage,Lakemont,2024-01-01,,,True,P-0016
M-00091,22,M,Commercial,Fairhaven,2024-01-01,,,False,P-0006
M-00092,37,M,Commercial,Eastvale,2024-02-09,,,False,P-0025
M-00093,60,F,Medicaid,Eastvale,2024-01-01,,,True,P-0008
M-00094,35,M,Commercial,Pinecrest,2024-01-01,,,False,P-0033
M-00095,74,M,Medicare Advantage,Lakemont,2024-01-01,,,True,P-0003
M-00096,74,F,Medicare Advantage,Fairhaven,2024-01-01,,,True,P-0006
M-00097,36,F,Commercial,Lakemont,2024-01-01,,,False,P-0008
M-00098,1,F,Commercial,Pinecrest,2024-01-01,,,False,P-0008
M-00099,33,M,Medicaid,Stonebridge,2024-01-01,,,True,P-0021
M-00100,43,M,Commercial,Eastvale,2024-01-01,,,False,P-0035
M-00101,27,M,Commercial,Lakemont,2024-01-01,,,False,P-0020
M-00102,68,M,Medicare Advantage,Lakemont,2024-01-01,,,True,P-0006
M-00103,47,M,Medicaid,Fairhaven,2024-01-01,2025-03-15,,True,P-0006
M-00104,13,F,Commercial,Stonebridge,2024-01-01,,,False,P-0018
M-00105,35,F,Medicaid,Pinecrest,2024-01-01,,,True,P-0043
M-00106,21,F,Commercial,Eastvale,2024-01-01,,,False,P-0029
M-00107,33,F,Medicaid,Stonebridge,2024-01-01,,,True,P-0024
M-00108,68,M,Medicaid,Fairhaven,2024-01-01,,,True,P-0008
M-00109,7,M,Medicaid,Fairhaven,2025-02-12,,,True,P-0008
M-00110,50,F,Commercial,Rivergate,2024-01-01,,,False,P-0002
M-00111,16,M,Commercial,Eastvale,2024-01-01,,,False,P-0002
M-00112,33,M,Medicaid,Rivergate,2025-03-09,,,True,P-0010
M-00113,64,F,Commercial,Rivergate,2024-01-01,,,False,P-0001
M-00114,60,F,Commercial,Eastvale,2024-01-01,,,False,P-0013
M-00115,46,M,Medicaid,Pinecrest,2024-01-01,2025-05-10,,True,P-0026
M-00116,47,M,Commercial,Rivergate,2024-01-01,,,False,P-0002
M-00117,80,M,Medicare Advantage,Fairhaven,2024-01-01,,,True,P-0006
M-00118,55,F,Commercial,Pinecrest,2024-01-01,,,False,P-0002
M-00119,21,F,Commercial,Lakemont,2024-01-01,,,False,P-0013
M-00120,72,F,Medicare Advantage,Eastvale,2024-01-01,,,True,P-0039
M-00121,11,F,Medicaid,Stonebridge,2024-01-01,,,True,P-0013
M-00122,56,F,Commercial,Rivergate,2024-01-01,,,False,P-0007
M-00123,45,F,Commercial,Fairhaven,2024-01-01,,,False,P-0044
M-00124,27,M,Commercial,Rivergate,2024-01-01,,,False,P-0034
M-00125,45,M,Commercial,Pinecrest,2024-01-01,,,False,P-0002
M-00126,49,M,Commercial,Pinecrest,2024-01-01,,,False,P-0008
M-00127,70,M,Medicare Advantage,Eastvale,2024-01-01,,,True,P-0029
M-00128,25,F,Commercial,Rivergate,2024-01-01,,,False,P-0008
M-00129,47,M,Medicaid,Stonebridge,2024-01-01,,,True,P-0004
M-00130,20,M,Commercial,Lakemont,2024-01-01,,,False,P-0016
M-00131,30,F,Commercial,Stonebridge,2025-03-30,,,False,P-0008
M-00132,79,M,Medicare Advantage,Stonebridge,2024-07-01,,,True,P-0018
M-00133,49,F,Commercial,Rivergate,2024-01-01,,,False,P-0002
M-00134,21,F,Medicaid,Pinecrest,2024-01-01,,,True,P-0002
M-00135,81,F,Medicare Advantage,Stonebridge,2024-01-01,,,True,P-0004
M-00136,53,M,Medicaid,Rivergate,2024-01-01,,,True,P-0042
M-00137,73,F,Medicare Advantage,Fairhaven,2024-01-01,,,True,P-0025
M-00138,17,F,Medicaid,Fairhaven,2024-01-01,,,True,P-0005
M-00139,61,M,Commercial,Stonebridge,2024-01-01,,,False,P-0006
M-00140,47,M,Commercial,Fairhaven,2024-11-04,,,False,P-0008
M-00141,52,F,Commercial,Lakemont,2024-01-01,,,False,P-0045
M-00142,35,F,Commercial,Stonebridge,2024-01-01,,,False,P-0013
M-00143,42,F,Commercial,Lakemont,2024-01-01,,,False,P-0016
M-00144,3,M,Medicaid,Rivergate,2024-01-01,,,True,P-0007
M-00145,62,F,Commercial,Pinecrest,2024-01-01,,,False,P-0008
M-00146,69,F,Medicare Advantage,Stonebridge,2024-01-01,,,True,P-0003
M-00147,60,M,Commercial,Rivergate,2024-01-01,,,False,P-0007
M-00148,73,M,Medicare Advantage,Stonebridge,2024-01-01,,,True,P-0004
M-00149,68,F,Medicare Advantage,Pinecrest,2024-01-01,,,True,P-0008
M-00150,48,F,Commercial,Lakemont,2024-08-23,,,False,P-0019
M-00151,59,F,Commercial,Eastvale,2024-01-01,,,False,P-0015
M-00152,2,F,Medicaid,Eastvale,2024-01-01,,,True,P-0030
M-00153,42,M,Commercial,Lakemont,2024-10-18,,,False,P-0013
M-00154,80,M,Medicare Advantage,Lakemont,2024-01-01,,,True,P-0003
M-00155,19,F,Commercial,Fairhaven,2024-01-01,,,False,P-0010
M-00156,56,F,Commercial,Stonebridge,2024-01-01,,,False,P-0004
M-00157,71,F,Medicare Advantage,Fairhaven,2024-01-01,,,True,P-0006
M-00158,60,F,Commercial,Rivergate,2024-01-01,,,False,P-0002
M-00159,10,M,Commercial,Fairhaven,2024-01-01,,,False,P-0017
M-00160,41,F,Commercial,Stonebridge,2024-01-01,,,False,P-0013
M-00161,41,M,Medicaid,Pinecrest,2024-01-01,,,True,P-0008
M-00162,62,M,Commercial,Fairhaven,2024-01-01,,,False,P-0013
M-00163,12,F,Medicaid,Stonebridge,2024-01-01,,,True,P-0013
M-00164,44,F,Commercial,Fairhaven,2024-01-01,,,False,P-0033
M-00165,23,F,Commercial,Fairhaven,2024-01-01,2025-04-21,,False,P-0006
M-00166,48,F,Medicaid,Pinecrest,2024-01-01,,,True,P-0027
M-00167,42,M,Commercial,Fairhaven,2024-01-01,,,False,P-0006
M-00168,28,F,Commercial,Eastvale,2024-01-01,,,False,P-0012
M-00169,71,M,Medicare Advantage,Stonebridge,2024-01-01,,,True,P-0004
M-00170,61,F,Commercial,Fairhaven,2024-01-01,,,False,P-0006
M-00171,52,F,Commercial,Fairhaven,2024-01-01,,,False,P-0005
M-00172,27,M,Commercial,Lakemont,2024-01-01,,,False,P-0013
M-00173,0,M,Medicaid,Fairhaven,2025-01-28,,,True,P-0044
M-00174,57,M,Commercial,Lakemont,2024-01-01,,,False,P-0006
M-00175,19,M,Commercial,Eastvale,2024-01-01,,,False,P-0013
M-00176,2,M,Commercial,Fairhaven,2024-01-01,,,False,P-0010
M-00177,68,M,Medicare Advantage,Stonebridge,2024-01-01,,,True,P-0037
M-00178,78,M,Medicare Advantage,Pinecrest,2024-01-01,,,True,P-0008
M-00179,13,F,Medicaid,Fairhaven,2024-01-01,,,True,P-0006
M-00180,62,M,Commercial,Stonebridge,2024-01-01,,,False,P-0004
M-00181,41,F,Medicaid,Stonebridge,2025-04-19,,,True,P-0004
M-00182,92,F,Medicare Advantage,Fairhaven,2024-01-01,,,True,P-0003
M-00183,73,F,Medicare Advantage,Eastvale,2024-01-01,2024-06-13,,True,P-0029
M-00184,41,F,Medicaid,Stonebridge,2024-01-01,,,True,P-0018
M-00185,34,M,Commercial,Lakemont,2024-01-01,,,False,P-0016
M-00186,84,F,Medicare Advantage,Eastvale,2025-04-30,,,True,P-0015
M-00187,52,M,Commercial,Stonebridge,2024-01-01,,,False,P-0008
M-00188,29,F,Medicaid,Lakemont,2024-01-01,,,True,P-0016
M-00189,23,M,Commercial,Pinecrest,2024-01-01,,,False,P-0002
M-00190,16,F,Commercial,Lakemont,2024-07-09,,,False,P-0022
M-00191,32,M,Commercial,Eastvale,2024-01-01,,,False,P-0008
M-00192,50,M,Medicaid,Pinecrest,2024-01-01,,,True,P-0001
M-00193,8,M,Medicaid,Eastvale,2024-01-01,,,True,P-0012
M-00194,45,M,Commercial,Eastvale,2024-01-01,,,False,P-0008
M-00195,52,M,Medicaid,Eastvale,2024-01-01,,,True,P-0028
M-00196,22,F,Commercial,Pinecrest,2024-01-01,,,False,P-0002
M-00197,3,F,Medicaid,Fairhaven,2024-01-01,,,True,P-0032
M-00198,72,F,Medicare Advantage,Fairhaven,2024-01-01,,,True,P-0006
M-00199,76,M,Medicare Advantage,Eastvale,2024-01-01,,,True,P-0035
M-00200,19,M,Commercial,Lakemont,2024-01-01,,,False,P-0025
M-00201,51,F,Commercial,Stonebridge,2024-01-01,,,False,P-0004
M-00202,84,M,Medicare Advantage,Eastvale,2024-01-01,,,True,P-0035
M-00203,60,M,Commercial,Eastvale,2024-01-01,,,False,P-0008
M-00204,26,F,Commercial,Eastvale,2024-01-01,,,False,P-0035
M-00205,47,M,Commercial,Rivergate,2024-01-01,,,False,P-0001
M-00206,11,M,Commercial,Rivergate,2024-01-01,,,False,P-0002
M-00207,49,M,Commercial,Rivergate,2024-01-01,,,False,P-0028
M-00208,17,M,Commercial,Eastvale,2024-01-01,,,False,P-0005
M-00209,60,M,Commercial,Lakemont,2024-01-01,,,False,P-0031
M-00210,58,M,Commercial,Stonebridge,2024-01-01,,,False,P-0004
M-00211,51,M,Commercial,Lakemont,2025-03-29,,,False,P-0011
M-00212,68,M,Medicare Advantage,Rivergate,2024-01-01,,,True,P-0037
M-00213,54,F,Commercial,Eastvale,2024-01-01,,,False,P-0029
M-00214,7,M,Commercial,Lakemont,2024-01-01,,,False,P-0019
M-00215,7,F,Medicaid,Pinecrest,2024-01-01,,,True,P-0008
M-00216,9,F,Medicaid,Rivergate,2024-01-01,,,True,P-0007
M-00217,7,M,Medicaid,Rivergate,2024-08-20,,,True,P-0002
M-00218,45,M,Commercial,Stonebridge,2024-01-01,,,False,P-0004
M-00219,33,M,Commercial,Fairhaven,2024-01-01,,,False,P-0006
M-00220,53,F,Commercial,Pinecrest,2024-01-01,,,False,P-0035
M-00221,56,M,Commercial,Stonebridge,2024-01-01,,,False,P-0008
M-00222,77,M,Medicaid,Lakemont,2024-01-01,,,True,P-0031
M-00223,54,M,Commercial,Stonebridge,2024-01-01,,,False,P-0017
M-00224,75,F,Medicare Advantage,Pinecrest,2024-01-01,,,True,P-0008
M-00225,37,M,Commercial,Eastvale,2024-01-01,,,False,P-0029
M-00226,29,F,Commercial,Stonebridge,2024-01-01,,,False,P-0016
M-00227,43,M,Commercial,Pinecrest,2024-01-01,,,False,P-0026
M-00228,42,M,Commercial,Fairhaven,2024-06-14,,,False,P-0008
M-00229,28,F,Commercial,Stonebridge,2024-05-11,2025-01-20,,False,P-0008
M-00230,29,F,Commercial,Eastvale,2024-01-01,,,False,P-0038
M-00231,1,F,Medicaid,Eastvale,2024-01-01,,,True,P-0035
M-00232,31,M,Commercial,Pinecrest,2024-01-01,,,False,P-0008
M-00233,25,F,Medicaid,Fairhaven,2024-01-01,,,True,P-0010
M-00234,20,M,Commercial,Stonebridge,2024-01-01,,,False,P-0016
M-00235,37,F,Medicaid,Lakemont,2024-01-01,,,True,P-0031
M-00236,42,M,Commercial,Rivergate,2024-01-01,,,False,P-0002
M-00237,16,M,Medicaid,Fairhaven,2024-01-01,2024-05-27,,True,P-0015
M-00238,50,M,Commercial,Lakemont,2024-01-01,,,False,P-0031
M-00239,18,F,Medicaid,Rivergate,2024-01-01,,,True,P-0007
M-00240,53,M,Commercial,Eastvale,2024-01-01,,,False,P-0030
M-00241,33,M,Commercial,Lakemont,2024-01-01,,,False,P-0031
M-00242,79,M,Medicare Advantage,Rivergate,2024-01-01,,,True,P-0007
M-00243,18,M,Medicaid,Lakemont,2024-01-01,,,True,P-0020
M-00244,78,M,Medicare Advantage,Eastvale,2024-01-01,,,True,P-0029
M-00245,46,F,Commercial,Fairhaven,2024-01-01,,,False,P-0044
M-00246,66,M,Medicare Advantage,Stonebridge,2024-01-01,,,True,P-0013
M-00247,52,M,Medicaid,Pinecrest,2024-01-01,,,True,P-0001
M-00248,26,F,Commercial,Pinecrest,2024-01-01,2025-02-09,,False,P-0043
M-00249,1,M,Medicaid,Pinecrest,2024-02-15,,,True,P-0002
M-00250,6,F,Commercial,Fairhaven,2024-02-03,,,False,P-0044
M-00251,67,M,Medicare Advantage,Fairhaven,2024-01-01,,,True,P-0006
M-00252,45,F,Commercial,Pinecrest,2024-01-01,2024-07-07,,False,P-0008
M-00253,33,M,Medicaid,Pinecrest,2024-01-01,2024-09-08,,True,P-0046
M-00254,18,F,Commercial,Eastvale,2024-01-01,,,False,P-0025
M-00255,42,M,Commercial,Eastvale,2024-01-01,,,False,P-0008
M-00256,8,F,Medicaid,Rivergate,2024-01-01,,,True,P-0002
M-00257,8,F,Medicaid,Pinecrest,2024-01-01,,,True,P-0002
M-00258,61,M,Commercial,Rivergate,2024-01-01,,,False,P-0007
M-00259,6,M,Medicaid,Lakemont,2024-01-01,,,True,P-0013
M-00260,36,F,Commercial,Fairhaven,2024-01-01,,,False,P-0026
M-00261,55,F,Commercial,Stonebridge,2024-01-01,,,False,P-0004
M-00262,25,F,Commercial,Lakemont,2024-01-01,,,False,P-0035
M-00263,50,M,Commercial,Pinecrest,2024-01-01,,,False,P-0008
M-00264,42,M,Commercial,Rivergate,2024-01-01,,,False,P-0026
M-00265,38,M,Commercial,Fairhaven,2024-01-01,,,False,P-0044
M-00266,76,F,Medicare Advantage,Stonebridge,2024-01-01,,,True,P-0004
M-00267,55,M,Commercial,Rivergate,2024-08-12,,,False,P-0001
M-00268,97,F,Medicare Advantage,Pinecrest,2024-03-01,,,True,P-0021
M-00269,50,M,Medicaid,Fairhaven,2024-01-01,,,True,P-0033
M-00270,28,M,Commercial,Stonebridge,2024-01-01,,,False,P-0013
M-00271,3,M,Medicaid,Fairhaven,2024-01-01,,,True,P-0006
M-00272,19,M,Commercial,Fairhaven,2024-01-01,,,False,P-0006
M-00273,20,F,Commercial,Rivergate,2024-01-01,,,False,P-0007
M-00274,37,F,Commercial,Eastvale,2024-01-01,,,False,P-0036
M-00275,39,M,Medicaid,Stonebridge,2024-01-01,,,True,P-0004
M-00276,35,F,Medicaid,Rivergate,2024-01-01,,,True,P-0002
M-00277,4,M,Medicaid,Eastvale,2024-01-01,,,True,P-0038
M-00278,6,F,Commercial,Stonebridge,2024-01-01,,,False,P-0020
M-00279,33,M,Commercial,Pinecrest,2024-01-01,,,False,P-0002
M-00280,27,M,Commercial,Eastvale,2024-01-01,,,False,P-0029
M-00281,42,M,Medicaid,Rivergate,2025-04-10,,,True,P-0001
M-00282,7,M,Medicaid,Lakemont,2024-01-01,2024-12-23,,True,P-0008
M-00283,31,M,Commercial,Rivergate,2024-01-01,,,False,P-0007
M-00284,76,F,Medicare Advantage,Fairhaven,2024-01-01,,,True,P-0033
M-00285,8,F,Commercial,Fairhaven,2024-11-30,,,False,P-0006
M-00286,38,M,Commercial,Rivergate,2024-01-01,,,False,P-0030
M-00287,58,F,Commercial,Pinecrest,2024-01-01,,,False,P-0002
M-00288,17,F,Medicaid,Eastvale,2024-06-29,,,True,P-0023
M-00289,76,M,Medicare Advantage,Pinecrest,2024-01-01,,,True,P-0003
M-00290,39,M,Medicaid,Stonebridge,2024-01-01,,,True,P-0004
M-00291,51,F,Commercial,Stonebridge,2024-01-01,,,False,P-0007
M-00292,39,F,Commercial,Eastvale,2024-01-01,,,False,P-0008
M-00293,73,F,Medicare Advantage,Fairhaven,2024-01-01,,,True,P-0003
M-00294,59,F,Commercial,Fairhaven,2024-01-01,,,False,P-0008
M-00295,54,M,Medicaid,Rivergate,2024-01-01,,,True,P-0032
M-00296,76,F,Medicaid,Eastvale,2024-01-01,,,True,P-0029
M-00297,84,F,Medicare Advantage,Lakemont,2024-05-21,,,True,P-0032
M-00298,20,F,Medicaid,Rivergate,2024-01-01,,,True,P-0045
M-00299,52,F,Commercial,Rivergate,2024-06-09,,,False,P-0002
M-00300,49,M,Medicaid,Fairhaven,2024-01-01,,,True,P-0006
M-00301,21,M,Commercial,Eastvale,2024-01-01,,,False,P-0030
M-00302,28,M,Commercial,Pinecrest,2024-01-01,,,False,P-0002
M-00303,27,M,Medicaid,Pinecrest,2024-01-01,,,True,P-0001
M-00304,78,M,Medicare Advantage,Pinecrest,2024-07-03,,,True,P-0026
M-00305,41,F,Commercial,Eastvale,2024-01-01,,,False,P-0006
M-00306,0,M,Commercial,Pinecrest,2024-01-01,,,False,P-0002
M-00307,71,F,Medicare Advantage,Stonebridge,2024-01-01,,,True,P-0008
M-00308,64,F,Commercial,Stonebridge,2024-01-01,,,False,P-0008
M-00309,5,M,Medicaid,Lakemont,2024-01-01,,,True,P-0020
M-00310,41,F,Commercial,Stonebridge,2024-01-01,,,False,P-0022
M-00311,10,M,Commercial,Pinecrest,2024-01-01,,,False,P-0002
M-00312,57,M,Commercial,Eastvale,2024-02-29,2025-02-02,,False,P-0015
M-00313,58,M,Commercial,Eastvale,2024-01-01,2025-06-06,,False,P-0029
M-00314,44,M,Medicaid,Rivergate,2024-01-01,,,True,P-0029
M-00315,23,F,Commercial,Lakemont,2024-01-01,,,False,P-0016
M-00316,10,F,Medicaid,Pinecrest,2024-01-01,,,True,P-0008
M-00317,32,F,Medicaid,Lakemont,2024-01-01,,,True,P-0013
M-00318,68,M,Medicaid,Lakemont,2024-01-01,,,True,P-0008
M-00319,12,F,Medicaid,Eastvale,2024-01-01,,,True,P-0030
M-00320,17,M,Commercial,Fairhaven,2024-10-28,,,False,P-0008
M-00321,1,F,Commercial,Pinecrest,2024-01-01,,,False,P-0043
M-00322,22,M,Commercial,Stonebridge,2025-03-12,,,False,P-0004
M-00323,79,F,Medicare Advantage,Lakemont,2025-01-15,,,True,P-0013
M-00324,10,F,Commercial,Stonebridge,2024-01-01,,,False,P-0004
M-00325,51,M,Commercial,Eastvale,2024-01-01,,,False,P-0035
M-00326,45,M,Commercial,Fairhaven,2024-09-25,,,False,P-0006
M-00327,15,F,Commercial,Rivergate,2024-01-01,,,False,P-0008
M-00328,6,F,Medicaid,Stonebridge,2024-01-01,,,True,P-0046
M-00329,38,F,Commercial,Fairhaven,2024-01-01,,,False,P-0017
M-00330,21,F,Commercial,Pinecrest,2024-01-01,,,False,P-0008
M-00331,58,F,Commercial,Fairhaven,2024-01-01,,,False,P-0006
M-00332,34,F,Commercial,Rivergate,2024-01-01,,,False,P-0022
M-00333,30,M,Commercial,Rivergate,2024-01-01,,,False,P-0008
M-00334,37,F,Medicaid,Lakemont,2024-01-01,,,True,P-0003
M-00335,25,F,Commercial,Lakemont,2024-01-01,,,False,P-0028
M-00336,28,F,Commercial,Eastvale,2024-01-01,,,False,P-0044
M-00337,71,M,Medicare Advantage,Fairhaven,2024-01-01,,,True,P-0008
M-00338,19,M,Commercial,Stonebridge,2024-01-01,,,False,P-0015
M-00339,75,M,Medicare Advantage,Stonebridge,2024-01-01,,,True,P-0004
M-00340,57,M,Medicaid,Rivergate,2024-01-01,,,True,P-0002
M-00341,55,M,Commercial,Pinecrest,2024-01-01,,,False,P-0044
M-00342,21,M,Commercial,Lakemont,2024-01-01,,,False,P-0016
M-00343,55,F,Commercial,Lakemont,2024-01-01,,,False,P-0045
M-00344,53,F,Medicaid,Lakemont,2024-01-01,,,True,P-0008
M-00345,51,M,Commercial,Stonebridge,2024-01-01,,,False,P-0008
M-00346,3,F,Commercial,Stonebridge,2024-01-01,,,False,P-0004
M-00347,80,M,Medicare Advantage,Lakemont,2025-02-20,,,True,P-0001
M-00348,57,M,Commercial,Stonebridge,2024-01-01,,,False,P-0004
M-00349,39,M,Commercial,Rivergate,2024-01-01,,,False,P-0018
M-00350,73,M,Medicare Advantage,Eastvale,2024-01-01,,,True,P-0003
M-00351,39,M,Commercial,Stonebridge,2024-01-01,,,False,P-0013
M-00352,57,F,Commercial,Lakemont,2024-01-01,,,False,P-0024
M-00353,39,M,Commercial,Lakemont,2024-01-01,,,False,P-0024
M-00354,48,F,Medicaid,Lakemont,2024-01-01,,,True,P-0020
M-00355,78,M,Medicare Advantage,Pinecrest,2024-08-04,,,True,P-0026
M-00356,25,M,Commercial,Stonebridge,2024-01-01,,,False,P-0018
M-00357,35,M,Medicaid,Eastvale,2024-01-01,,,True,P-0029
M-00358,30,M,Commercial,Eastvale,2024-01-01,,,False,P-0008
M-00359,25,F,Commercial,Pinecrest,2024-01-01,,,False,P-0043
M-00360,15,M,Commercial,Fairhaven,2025-03-05,,,False,P-0008
M-00361,44,M,Commercial,Fairhaven,2024-12-03,,,False,P-0006
M-00362,4,M,Commercial,Lakemont,2024-01-01,,,False,P-0030
M-00363,20,F,Commercial,Fairhaven,2024-01-01,,,False,P-0002
M-00364,76,F,Medicare Advantage,Fairhaven,2024-01-01,,,True,P-0003
M-00365,61,M,Commercial,Rivergate,2024-01-01,,,False,P-0007
M-00366,19,F,Commercial,Lakemont,2024-01-01,,,False,P-0019
M-00367,38,F,Medicaid,Rivergate,2024-01-01,,,True,P-0002
M-00368,53,M,Commercial,Eastvale,2024-01-01,,,False,P-0030
M-00369,71,M,Medicaid,Stonebridge,2024-01-01,,,True,P-0003
M-00370,1,M,Medicaid,Pinecrest,2024-05-21,,,True,P-0026
M-00371,68,F,Medicare Advantage,Rivergate,2024-07-07,,,True,P-0008
M-00372,40,M,Commercial,Rivergate,2024-01-01,,,False,P-0001
M-00373,57,F,Commercial,Pinecrest,2024-01-01,2025-05-30,,False,P-0026
M-00374,64,F,Commercial,Fairhaven,2024-01-01,,,False,P-0044
M-00375,1,F,Commercial,Eastvale,2024-01-01,,,False,P-0008
M-00376,59,F,Commercial,Pinecrest,2024-01-01,2024-06-22,,False,P-0043
M-00377,27,M,Commercial,Lakemont,2024-01-01,,,False,P-0016
M-00378,76,F,Medicare Advantage,Eastvale,2024-01-01,2024-11-22,,True,P-0029
M-00379,52,F,Medicaid,Rivergate,2024-01-01,,,True,P-0008
M-00380,47,M,Commercial,Stonebridge,2024-01-01,,,False,P-0023
M-00381,14,F,Commercial,Stonebridge,2024-01-01,,,False,P-0004
M-00382,32,M,Medicaid,Stonebridge,2024-01-01,,,True,P-0004
M-00383,86,M,Medicaid,Eastvale,2024-09-25,,,True,P-0015
M-00384,95,F,Medicare Advantage,Rivergate,2024-01-01,,,True,P-0008
M-00385,48,M,Commercial,Pinecrest,2024-08-05,2025-07-29,,False,P-0026
M-00386,52,M,Commercial,Fairhaven,2024-01-01,,,False,P-0006
M-00387,69,F,Medicare Advantage,Pinecrest,2025-03-19,,,True,P-0008
M-00388,60,F,Commercial,Rivergate,2025-03-20,,,False,P-0026
M-00389,36,F,Commercial,Lakemont,2024-01-01,,,False,P-0045
M-00390,43,F,Commercial,Eastvale,2024-01-01,,,False,P-0012
M-00391,69,F,Medicare Advantage,Fairhaven,2024-01-01,,,True,P-0006
M-00392,32,M,Medicaid,Eastvale,2024-01-01,,,True,P-0013
M-00393,53,M,Medicaid,Pinecrest,2024-01-01,,,True,P-0008
M-00394,72,F,Medicare Advantage,Pinecrest,2024-01-01,,,True,P-0015
M-00395,52,F,Commercial,Rivergate,2024-01-01,,,False,P-0013
M-00396,32,F,Commercial,Rivergate,2024-06-14,,,False,P-0021
M-00397,68,F,Medicaid,Pinecrest,2024-01-01,,,True,P-0018
M-00398,41,F,Commercial,Eastvale,2024-01-01,2025-04-17,,False,P-0012
M-00399,35,M,Commercial,Fairhaven,2025-01-27,,,False,P-0033
M-00400,56,F,Commercial,Lakemont,2024-01-01,2025-03-28,,False,P-0013
M-00401,67,F,Medicare Advantage,Lakemont,2024-01-01,,,True,P-0013
M-00402,40,M,Commercial,Rivergate,2024-01-01,2024-12-24,,False,P-0034
M-00403,8,F,Medicaid,Lakemont,2025-02-19,,,True,P-0024
M-00404,73,F,Medicare Advantage,Lakemont,2024-01-01,,,True,P-0028
M-00405,14,F,Commercial,Fairhaven,2024-01-01,,,False,P-0044
M-00406,40,M,Commercial,Pinecrest,2024-01-01,,,False,P-0002
M-00407,40,F,Commercial,Eastvale,2024-01-01,,,False,P-0015
M-00408,44,F,Commercial,Lakemont,2024-01-01,,,False,P-0045
M-00409,78,F,Medicare Advantage,Rivergate,2024-01-01,,,True,P-0003
M-00410,3,F,Medicaid,Stonebridge,2024-01-01,,,True,P-0008
M-00411,58,F,Medicaid,Stonebridge,2024-01-01,,,True,P-0013
M-00412,68,M,Medicare Advantage,Eastvale,2024-01-01,,,True,P-0025
M-00413,45,M,Commercial,Stonebridge,2024-01-01,,,False,P-0004
M-00414,55,F,Commercial,Fairhaven,2024-01-01,2025-01-15,,False,P-0005
M-00415,21,M,Commercial,Pinecrest,2024-01-01,,,False,P-0027
M-00416,40,F,Commercial,Rivergate,2024-01-01,2024-12-26,,False,P-0008
M-00417,51,M,Commercial,Stonebridge,2024-01-01,,,False,P-0023
M-00418,52,M,Commercial,Lakemont,2024-01-01,,,False,P-0029
M-00419,52,M,Commercial,Fairhaven,2024-01-01,,,False,P-0032
M-00420,32,M,Commercial,Lakemont,2024-01-01,,,False,P-0005
M-00421,34,F,Commercial,Fairhaven,2024-01-01,,,False,P-0006
M-00422,25,M,Commercial,Eastvale,2024-01-01,,,False,P-0023
M-00423,23,M,Commercial,Eastvale,2024-01-01,,,False,P-0030
M-00424,14,M,Commercial,Rivergate,2024-01-01,,,False,P-0034
M-00425,75,M,Medicare Advantage,Eastvale,2024-01-01,,,True,P-0027
M-00426,32,F,Medicaid,Stonebridge,2024-01-01,,,True,P-0026
M-00427,63,M,Commercial,Lakemont,2024-01-01,,,False,P-0011
M-00428,64,M,Medicaid,Eastvale,2024-01-01,,,True,P-0035
M-00429,22,M,Commercial,Pinecrest,2024-01-01,,,False,P-0043
M-00430,16,M,Medicaid,Lakemont,2025-02-01,,,True,P-0008
M-00431,4,M,Commercial,Fairhaven,2024-10-12,,,False,P-0037
M-00432,9,M,Medicaid,Pinecrest,2024-01-01,2025-07-10,,True,P-0010
M-00433,34,F,Commercial,Eastvale,2024-01-01,2025-02-09,,False,P-0038
M-00434,62,F,Commercial,Stonebridge,2024-01-01,,,False,P-0019
M-00435,6,F,Commercial,Stonebridge,2024-01-01,,,False,P-0010
M-00436,45,F,Medicaid,Pinecrest,2024-01-01,2024-10-09,,True,P-0026
M-00437,63,F,Commercial,Rivergate,2024-01-01,2024-07-04,,False,P-0007
M-00438,93,M,Medicare Advantage,Eastvale,2024-07-19,2025-07-11,,True,P-0030
M-00439,58,M,Commercial,Rivergate,2024-01-01,,,False,P-0034
M-00440,51,M,Commercial,Rivergate,2024-01-01,,,False,P-0001
M-00441,61,F,Commercial,Rivergate,2024-01-01,,,False,P-0007
M-00442,58,M,Commercial,Pinecrest,2024-01-01,,,False,P-0043
M-00443,97,F,Medicare Advantage,Fairhaven,2024-01-01,2024-08-08,,True,P-0026
M-00444,77,F,Medicaid,Rivergate,2024-01-01,,,True,P-0042
M-00445,10,M,Commercial,Rivergate,2024-01-01,,,False,P-0008
M-00446,49,M,Commercial,Fairhaven,2024-01-01,,,False,P-0017
M-00447,72,F,Medicare Advantage,Rivergate,2024-01-01,,,True,P-0001
M-00448,49,M,Commercial,Pinecrest,2024-01-01,,,False,P-0002
M-00449,37,M,Commercial,Fairhaven,2024-01-01,,,False,P-0044
M-00450,5,M,Medicaid,Eastvale,2024-01-01,2024-05-02,,True,P-0038
M-00451,43,M,Commercial,Lakemont,2024-01-01,,,False,P-0006
M-00452,60,M,Medicaid,Eastvale,2024-01-01,,,True,P-0030
M-00453,48,M,Commercial,Eastvale,2024-01-01,,,False,P-0008
M-00454,59,F,Commercial,Eastvale,2024-01-01,,,False,P-0015
M-00455,87,M,Medicare Advantage,Pinecrest,2025-04-04,,,True,P-0003
M-00456,21,M,Commercial,Pinecrest,2024-01-01,,,False,P-0026
M-00457,27,M,Medicaid,Stonebridge,2024-01-01,,,True,P-0004
M-00458,33,M,Commercial,Rivergate,2024-01-01,,,False,P-0002
M-00459,76,F,Medicare Advantage,Pinecrest,2024-01-01,,,True,P-0008
M-00460,9,M,Commercial,Lakemont,2024-03-11,,,False,P-0036
M-00461,68,F,Medicare Advantage,Eastvale,2024-01-01,,,True,P-0003
M-00462,69,F,Medicare Advantage,Eastvale,2024-01-01,2024-07-21,,True,P-0029
M-00463,11,M,Medicaid,Lakemont,2024-01-01,,,True,P-0008
M-00464,77,M,Medicare Advantage,Fairhaven,2024-01-01,,,True,P-0006
M-00465,71,M,Medicare Advantage,Stonebridge,2024-01-01,,,True,P-0002
M-00466,32,F,Commercial,Rivergate,2024-09-25,,,False,P-0007
M-00467,63,M,Commercial,Lakemont,2024-01-01,,,False,P-0020
M-00468,37,M,Medicaid,Fairhaven,2024-01-01,,,True,P-0037
M-00469,16,F,Commercial,Fairhaven,2024-01-01,,,False,P-0033
M-00470,5,M,Medicaid,Eastvale,2024-11-01,,,True,P-0008
M-00471,49,M,Commercial,Stonebridge,2024-01-01,,,False,P-0008
M-00472,49,F,Commercial,Eastvale,2024-01-01,,,False,P-0008
M-00473,33,F,Commercial,Lakemont,2024-01-01,,,False,P-0013
M-00474,17,M,Commercial,Fairhaven,2024-01-01,,,False,P-0008
M-00475,11,F,Commercial,Stonebridge,2024-01-01,,,False,P-0013
M-00476,14,M,Commercial,Eastvale,2024-01-01,,,False,P-0029
M-00477,55,M,Commercial,Eastvale,2024-08-05,,,False,P-0029
M-00478,15,F,Medicaid,Eastvale,2024-01-01,,,True,P-0029
M-00479,30,M,Commercial,Eastvale,2024-01-01,,,False,P-0028
M-00480,19,M,Commercial,Lakemont,2024-01-01,,,False,P-0045
M-00481,13,M,Commercial,Eastvale,2024-01-01,,,False,P-0035
M-00482,40,F,Commercial,Rivergate,2024-01-01,,,False,P-0008
M-00483,59,F,Commercial,Lakemont,2024-01-01,,,False,P-0020
M-00484,42,F,Commercial,Fairhaven,2024-01-01,,,False,P-0044
M-00485,50,F,Commercial,Stonebridge,2024-01-01,,,False,P-0008
M-00486,60,F,Commercial,Rivergate,2024-01-01,,,False,P-0008
M-00487,61,F,Commercial,Fairhaven,2024-01-01,,,False,P-0006
M-00488,53,M,Medicaid,Lakemont,2024-01-01,,,True,P-0024
M-00489,48,F,Commercial,Fairhaven,2024-01-01,,,False,P-0008
M-00490,72,F,Medicare Advantage,Eastvale,2024-01-01,,,True,P-0030
M-00491,52,M,Commercial,Pinecrest,2024-01-01,,,False,P-0008
M-00492,31,M,Commercial,Stonebridge,2024-09-03,,,False,P-0008
M-00493,70,F,Medicare Advantage,Rivergate,2024-01-01,,,True,P-0022
M-00494,20,F,Commercial,Stonebridge,2024-01-01,,,False,P-0013
M-00495,28,F,Commercial,Eastvale,2024-01-01,,,False,P-0008
M-00496,4,M,Commercial,Eastvale,2024-01-01,,,False,P-0030
M-00497,19,M,Commercial,Fairhaven,2024-01-01,,,False,P-0044
M-00498,28,F,Commercial,Pinecrest,2024-01-01,,,False,P-0026
M-00499,24,M,Commercial,Lakemont,2024-01-01,,,False,P-0019
M-00500,22,M,Commercial,Eastvale,2024-01-01,,,False,P-0023
M-00501,82,F,Medicare Advantage,Fairhaven,2024-01-01,,,True,P-0017
M-00502,82,M,Medicare Advantage,Eastvale,2024-01-01,,,True,P-0015
M-00503,18,M,Commercial,Pinecrest,2024-01-01,,,False,P-0002
M-00504,3,M,Medicaid,Lakemont,2024-01-01,,,True,P-0008
M-00505,0,F,Medicaid,Fairhaven,2024-01-01,,,True,P-0008
M-00506,67,F,Medicare Advantage,Pinecrest,2024-01-01,,,True,P-0008
M-00507,76,F,Medicare Advantage,Fairhaven,2024-01-01,,,True,P-0008
M-00508,23,F,Medicaid,Rivergate,2024-01-01,,,True,P-0038
M-00509,7,F,Commercial,Rivergate,2024-01-01,,,False,P-0007
M-00510,77,M,Medicare Advantage,Eastvale,2024-01-01,,,True,P-0030
M-00511,69,M,Medicare Advantage,Pinecrest,2024-01-01,,,True,P-0001
M-00512,40,M,Commercial,Pinecrest,2024-01-01,,,False,P-0001
M-00513,20,F,Commercial,Pinecrest,2024-01-01,,,False,P-0026
M-00514,99,M,Medicare Advantage,Rivergate,2024-01-01,,,True,P-0007
M-00515,15,F,Commercial,Fairhaven,2024-01-01,,,False,P-0008
M-00516,60,M,Commercial,Eastvale,2024-01-01,,,False,P-0038
M-00517,0,M,Medicaid,Rivergate,2024-01-01,,,True,P-0002
M-00518,21,M,Commercial,Stonebridge,2024-01-01,,,False,P-0004
M-00519,21,F,Commercial,Lakemont,2024-01-01,,,False,P-0031
M-00520,5,M,Medicaid,Fairhaven,2024-01-01,,,True,P-0006
M-00521,94,M,Medicare Advantage,Fairhaven,2024-01-01,,,True,P-0046
M-00522,51,F,Commercial,Fairhaven,2024-01-01,,,False,P-0005
M-00523,29,M,Commercial,Rivergate,2024-11-19,,,False,P-0007
M-00524,41,F,Commercial,Rivergate,2024-01-01,,,False,P-0002
M-00525,45,F,Medicaid,Eastvale,2024-01-01,,,True,P-0028
M-00526,6,F,Medicaid,Rivergate,2024-01-01,,,True,P-0008
M-00527,58,M,Commercial,Stonebridge,2024-01-01,,,False,P-0044
M-00528,80,F,Medicare Advantage,Lakemont,2024-01-01,,,True,P-0013
M-00529,56,M,Commercial,Lakemont,2024-01-01,,,False,P-0027
M-00530,72,F,Medicare Advantage,Rivergate,2024-04-04,,,True,P-0007
M-00531,44,M,Commercial,Pinecrest,2024-01-01,,,False,P-0008
M-00532,47,M,Commercial,Stonebridge,2024-01-01,,,False,P-0025
M-00533,7,F,Medicaid,Rivergate,2024-07-17,,,True,P-0001
M-00534,8,F,Medicaid,Fairhaven,2024-01-01,,,True,P-0008
M-00535,2,M,Medicaid,Eastvale,2024-01-01,,,True,P-0035
M-00536,40,F,Commercial,Stonebridge,2024-01-01,,,False,P-0004
M-00537,72,F,Medicare Advantage,Fairhaven,2024-01-01,,,True,P-0044
M-00538,35,F,Commercial,Stonebridge,2024-01-01,,,False,P-0004
M-00539,38,F,Commercial,Fairhaven,2024-01-01,,,False,P-0013
M-00540,5,M,Medicaid,Rivergate,2024-01-01,,,True,P-0007
M-00541,30,F,Medicaid,Stonebridge,2024-01-01,,,True,P-0004
M-00542,33,M,Commercial,Pinecrest,2024-01-01,,,False,P-0008
M-00543,24,M,Commercial,Pinecrest,2024-01-01,,,False,P-0008
M-00544,24,M,Commercial,Eastvale,2024-01-01,,,False,P-0038
M-00545,53,M,Medicaid,Fairhaven,2024-01-01,,,True,P-0044
M-00546,90,M,Medicaid,Rivergate,2024-01-01,,,True,P-0007
M-00547,70,F,Medicare Advantage,Eastvale,2024-08-17,,,True,P-0026
M-00548,23,M,Medicaid,Stonebridge,2024-01-01,,,True,P-0021
M-00549,75,F,Medicare Advantage,Stonebridge,2024-11-07,,,True,P-0037
M-00550,4,F,Commercial,Rivergate,2024-01-01,,,False,P-0007
M-00551,33,M,Commercial,Eastvale,2024-07-04,,,False,P-0034
M-00552,60,F,Medicaid,Eastvale,2024-01-01,,,True,P-0042
M-00553,4,M,Medicaid,Fairhaven,2024-01-01,,,True,P-0006
M-00554,57,M,Commercial,Pinecrest,2024-01-01,,,False,P-0001
M-00555,10,F,Commercial,Stonebridge,2024-01-01,,,False,P-0046
M-00556,70,M,Medicare Advantage,Lakemont,2024-01-01,,,True,P-0016
M-00557,40,F,Commercial,Lakemont,2024-01-01,,,False,P-0016
M-00558,38,F,Commercial,Stonebridge,2024-01-01,,,False,P-0041
M-00559,48,F,Commercial,Fairhaven,2024-01-01,,,False,P-0006
M-00560,17,F,Medicaid,Fairhaven,2024-01-01,2024-12-11,,True,P-0033
M-00561,36,F,Commercial,Pinecrest,2024-01-01,,,False,P-0008
M-00562,37,M,Commercial,Eastvale,2025-02-06,,,False,P-0030
M-00563,25,F,Commercial,Lakemont,2024-01-01,,,False,P-0016
M-00564,50,M,Medicaid,Fairhaven,2024-01-01,,,True,P-0006
M-00565,29,M,Commercial,Eastvale,2024-01-01,,,False,P-0026
M-00566,36,M,Commercial,Lakemont,2024-01-01,,,False,P-0038
M-00567,47,M,Commercial,Eastvale,2024-01-01,,,False,P-0029
M-00568,50,M,Commercial,Rivergate,2024-01-01,,,False,P-0036
M-00569,31,M,Commercial,Pinecrest,2024-01-01,,,False,P-0015
M-00570,81,M,Medicare Advantage,Fairhaven,2024-01-01,,,True,P-0033
M-00571,7,M,Commercial,Fairhaven,2024-01-01,,,False,P-0010
M-00572,59,M,Commercial,Eastvale,2024-06-25,,,False,P-0029
M-00573,21,F,Commercial,Lakemont,2024-01-01,,,False,P-0024
M-00574,41,F,Medicaid,Rivergate,2024-01-01,2025-01-05,,True,P-0007
M-00575,61,F,Commercial,Lakemont,2024-01-01,,,False,P-0020
M-00576,58,F,Commercial,Fairhaven,2024-01-01,2024-08-27,,False,P-0006
M-00577,56,M,Commercial,Rivergate,2024-01-01,,,False,P-0002
M-00578,17,M,Medicaid,Pinecrest,2024-01-01,,,True,P-0008
M-00579,76,M,Medicare Advantage,Lakemont,2024-01-01,,2024-11-06,True,P-0035
M-00580,43,F,Medicaid,Lakemont,2024-01-01,,,True,P-0016
M-00581,73,F,Medicare Advantage,Lakemont,2024-01-01,,,True,P-0003
M-00582,59,M,Commercial,Stonebridge,2024-01-01,,,False,P-0018
M-00583,56,F,Commercial,Stonebridge,2024-01-01,,,False,P-0004
M-00584,19,F,Commercial,Stonebridge,2024-01-01,,,False,P-0004
M-00585,54,M,Medicaid,Lakemont,2024-01-01,,,True,P-0024
M-00586,68,M,Medicaid,Eastvale,2024-01-01,,,True,P-0031
M-00587,7,F,Medicaid,Lakemont,2024-01-01,,,True,P-0016
M-00588,4,M,Commercial,Fairhaven,2024-01-01,,,False,P-0044
M-00589,71,M,Medicare Advantage,Stonebridge,2024-05-01,,,True,P-0004
M-00590,52,F,Commercial,Lakemont,2024-01-01,2025-03-09,,False,P-0008
M-00591,72,F,Medicare Advantage,Stonebridge,2024-01-01,,,True,P-0021
M-00592,11,M,Medicaid,Fairhaven,2024-01-01,,,True,P-0044
M-00593,16,F,Medicaid,Lakemont,2024-01-01,,,True,P-0024
M-00594,73,M,Medicare Advantage,Lakemont,2024-01-01,,,True,P-0045
M-00595,43,F,Medicaid,Stonebridge,2024-01-01,,,True,P-0013
M-00596,15,M,Commercial,Lakemont,2024-01-01,,,False,P-0022
M-00597,10,M,Medicaid,Fairhaven,2024-01-01,,,True,P-0030
M-00598,53,F,Medicaid,Lakemont,2024-01-01,,,True,P-0013
M-00599,11,F,Medicaid,Rivergate,2024-01-01,,,True,P-0034
M-00600,1,F,Commercial,Lakemont,2024-01-01,,,False,P-0016
M-00601,62,M,Medicaid,Eastvale,2024-01-01,,,True,P-0029
M-00602,70,M,Medicare Advantage,Pinecrest,2024-01-01,2024-05-11,,True,P-0030
M-00603,25,F,Commercial,Pinecrest,2024-01-01,,,False,P-0002
M-00604,69,M,Medicare Advantage,Pinecrest,2024-01-01,,,True,P-0001
M-00605,11,F,Medicaid,Eastvale,2024-01-01,,,True,P-0008
M-00606,88,M,Medicare Advantage,Rivergate,2024-01-01,,,True,P-0003
M-00607,0,F,Medicaid,Lakemont,2024-01-01,,,True,P-0024
M-00608,5,M,Medicaid,Lakemont,2024-01-01,,,True,P-0011
M-00609,1,F,Commercial,Stonebridge,2024-01-01,,,False,P-0004
M-00610,70,F,Medicare Advantage,Pinecrest,2024-01-01,,,True,P-0024
M-00611,6,F,Commercial,Fairhaven,2024-08-26,,,False,P-0008
M-00612,45,M,Commercial,Eastvale,2024-01-01,2025-03-27,,False,P-0038
M-00613,27,F,Commercial,Lakemont,2024-01-01,,,False,P-0013
M-00614,13,M,Medicaid,Eastvale,2024-02-08,,,True,P-0008
M-00615,80,F,Medicare Advantage,Rivergate,2024-01-01,,,True,P-0003
M-00616,26,M,Commercial,Lakemont,2024-01-01,,,False,P-0008
M-00617,7,F,Medicaid,Eastvale,2024-01-01,2024-12-31,,True,P-0029
M-00618,51,F,Commercial,Stonebridge,2024-01-01,2024-08-05,,False,P-0023
M-00619,47,M,Commercial,Pinecrest,2024-01-01,,,False,P-0008
M-00620,23,M,Commercial,Eastvale,2024-01-01,,,False,P-0008
M-00621,51,M,Commercial,Eastvale,2024-08-26,,,False,P-0008
M-00622,62,F,Commercial,Lakemont,2024-01-01,2025-04-11,,False,P-0008
M-00623,46,M,Commercial,Pinecrest,2024-01-01,,,False,P-0001
M-00624,28,M,Commercial,Stonebridge,2024-01-01,,,False,P-0039
M-00625,29,F,Commercial,Stonebridge,2024-01-01,,,False,P-0029
M-00626,41,M,Commercial,Lakemont,2024-01-01,,,False,P-0008
M-00627,67,M,Medicare Advantage,Fairhaven,2024-01-01,,,True,P-0008
M-00628,28,M,Commercial,Stonebridge,2024-01-01,,,False,P-0004
M-00629,79,F,Medicare Advantage,Fairhaven,2024-01-01,2024-10-03,,True,P-0017
M-00630,25,F,Commercial,Eastvale,2024-01-01,,,False,P-0024
M-00631,47,M,Commercial,Fairhaven,2024-01-01,2025-05-26,,False,P-0034
M-00632,18,F,Commercial,Rivergate,2024-01-01,,,False,P-0001
M-00633,40,F,Commercial,Rivergate,2024-01-01,,,False,P-0008
M-00634,8,F,Medicaid,Eastvale,2024-01-01,,,True,P-0015
M-00635,70,F,Medicare Advantage,Fairhaven,2024-01-01,,,True,P-0018
M-00636,43,M,Commercial,Stonebridge,2024-01-01,,,False,P-0004
M-00637,54,F,Commercial,Pinecrest,2025-03-09,,,False,P-0001
M-00638,50,F,Commercial,Fairhaven,2024-01-01,,,False,P-0044
M-00639,23,M,Commercial,Rivergate,2024-01-01,,,False,P-0008
M-00640,10,F,Commercial,Stonebridge,2024-01-01,,,False,P-0004
M-00641,52,F,Commercial,Lakemont,2024-01-01,,,False,P-0031
M-00642,52,F,Commercial,Eastvale,2024-01-01,,,False,P-0008
M-00643,60,M,Commercial,Fairhaven,2024-01-01,,,False,P-0008
M-00644,64,M,Medicaid,Pinecrest,2024-01-01,,,True,P-0035
M-00645,1,F,Medicaid,Fairhaven,2024-08-22,,,True,P-0006
M-00646,46,M,Commercial,Fairhaven,2024-01-01,,,False,P-0032
M-00647,59,M,Commercial,Pinecrest,2024-02-10,,,False,P-0026
M-00648,17,M,Medicaid,Pinecrest,2024-08-06,,,True,P-0008
M-00649,44,M,Medicaid,Lakemont,2024-01-01,2024-07-07,,True,P-0013
M-00650,42,M,Medicaid,Stonebridge,2024-01-01,,,True,P-0021
M-00651,8,M,Commercial,Pinecrest,2024-01-01,,,False,P-0002
M-00652,18,M,Medicaid,Fairhaven,2024-01-01,2024-05-02,,True,P-0017
M-00653,47,M,Commercial,Stonebridge,2024-01-01,,,False,P-0008
M-00654,60,M,Commercial,Pinecrest,2024-01-01,,,False,P-0027
M-00655,59,F,Medicaid,Fairhaven,2024-01-01,,,True,P-0008
M-00656,53,F,Medicaid,Rivergate,2025-04-18,,,True,P-0013
M-00657,94,F,Medicare Advantage,Eastvale,2024-01-01,,,True,P-0029
M-00658,75,F,Medicaid,Fairhaven,2024-01-01,,,True,P-0033
M-00659,41,F,Medicaid,Rivergate,2024-01-01,,,True,P-0034
M-00660,81,M,Medicaid,Fairhaven,2024-01-01,,,True,P-0032
M-00661,41,M,Medicaid,Pinecrest,2024-02-20,,,True,P-0026
M-00662,62,F,Commercial,Stonebridge,2024-01-01,,,False,P-0008
M-00663,78,F,Medicare Advantage,Pinecrest,2024-01-01,,,True,P-0001
M-00664,49,M,Medicaid,Pinecrest,2024-01-01,,,True,P-0001
M-00665,66,F,Medicare Advantage,Rivergate,2024-01-01,2025-03-02,,True,P-0002
M-00666,1,F,Medicaid,Stonebridge,2024-01-01,,,True,P-0018
M-00667,85,F,Medicare Advantage,Stonebridge,2024-01-01,,,True,P-0044
M-00668,53,M,Medicaid,Rivergate,2024-01-01,,,True,P-0002
M-00669,46,F,Commercial,Pinecrest,2024-10-20,,,False,P-0027
M-00670,44,F,Medicaid,Stonebridge,2024-11-06,,,True,P-0013
M-00671,17,F,Medicaid,Fairhaven,2024-01-01,,,True,P-0032
M-00672,55,F,Commercial,Stonebridge,2024-03-02,,,False,P-0035
M-00673,26,M,Commercial,Rivergate,2024-01-01,,,False,P-0008
M-00674,33,F,Commercial,Stonebridge,2024-01-01,,,False,P-0004
M-00675,19,F,Commercial,Pinecrest,2024-01-01,2024-05-14,,False,P-0026
M-00676,36,M,Commercial,Lakemont,2024-01-01,,,False,P-0008
M-00677,75,F,Medicare Advantage,Lakemont,2024-01-01,,,True,P-0008
M-00678,51,M,Commercial,Pinecrest,2024-01-01,,,False,P-0008
M-00679,9,F,Commercial,Fairhaven,2024-01-01,,,False,P-0037
M-00680,47,M,Commercial,Fairhaven,2024-01-01,,,False,P-0008
M-00681,19,F,Commercial,Rivergate,2024-01-01,,,False,P-0042
M-00682,18,F,Commercial,Lakemont,2024-12-19,,,False,P-0011
M-00683,56,M,Commercial,Rivergate,2024-01-01,,,False,P-0034
M-00684,17,F,Commercial,Fairhaven,2024-01-01,,,False,P-0018
M-00685,55,M,Commercial,Lakemont,2024-01-01,,,False,P-0022
M-00686,77,M,Medicare Advantage,Lakemont,2024-01-01,2025-02-28,,True,P-0031
M-00687,19,F,Commercial,Pinecrest,2024-01-01,,,False,P-0008
M-00688,26,M,Medicaid,Rivergate,2024-01-01,,,True,P-0034
M-00689,57,M,Commercial,Rivergate,2024-01-01,,,False,P-0007
M-00690,21,M,Commercial,Stonebridge,2024-01-01,,,False,P-0008
M-00691,50,M,Commercial,Fairhaven,2024-01-01,,,False,P-0032
M-00692,0,M,Medicaid,Stonebridge,2024-01-01,,,True,P-0016
M-00693,77,F,Medicare Advantage,Pinecrest,2024-01-01,,,True,P-0008
M-00694,64,M,Commercial,Eastvale,2024-01-01,,,False,P-0008
M-00695,45,M,Commercial,Stonebridge,2024-01-01,,,False,P-0012
M-00696,55,F,Commercial,Eastvale,2024-01-01,,,False,P-0029
M-00697,63,F,Commercial,Rivergate,2024-01-01,,,False,P-0042
M-00698,86,M,Medicare Advantage,Rivergate,2024-01-01,,2024-11-15,True,P-0008
M-00699,17,F,Commercial,Rivergate,2024-01-01,,,False,P-0007
M-00700,25,F,Commercial,Fairhaven,2024-01-01,,,False,P-0017
M-00701,48,F,Commercial,Lakemont,2024-01-01,,,False,P-0030
M-00702,72,M,Medicare Advantage,Pinecrest,2024-01-01,,,True,P-0003
M-00703,5,M,Medicaid,Stonebridge,2024-01-01,,,True,P-0036
M-00704,36,F,Commercial,Fairhaven,2024-01-01,2024-09-04,,False,P-0039
M-00705,51,M,Medicaid,Lakemont,2024-01-01,,,True,P-0025
M-00706,5,M,Commercial,Lakemont,2024-01-01,,,False,P-0045
M-00707,49,M,Commercial,Lakemont,2024-01-01,,,False,P-0024
M-00708,54,M,Medicaid,Pinecrest,2024-01-01,,,True,P-0008
M-00709,21,M,Commercial,Lakemont,2024-01-01,,,False,P-0024
M-00710,51,M,Commercial,Lakemont,2024-01-01,,,False,P-0013
M-00711,27,F,Commercial,Pinecrest,2024-01-01,,,False,P-0001
M-00712,82,F,Medicare Advantage,Stonebridge,2024-01-01,,,True,P-0008
M-00713,26,F,Medicaid,Stonebridge,2024-01-01,,,True,P-0018
M-00714,32,M,Commercial,Fairhaven,2024-01-01,,,False,P-0008
M-00715,30,F,Commercial,Rivergate,2024-01-01,,,False,P-0007
M-00716,1,M,Medicaid,Stonebridge,2024-01-01,2024-09-07,,True,P-0004
M-00717,47,F,Commercial,Pinecrest,2024-01-01,2024-08-13,,False,P-0008
M-00718,34,M,Medicaid,Fairhaven,2024-01-01,,,True,P-0002
M-00719,56,M,Commercial,Eastvale,2024-01-01,,,False,P-0038
M-00720,36,M,Commercial,Lakemont,2024-01-01,,,False,P-0045
M-00721,10,M,Medicaid,Rivergate,2024-01-01,,,True,P-0037
M-00722,53,M,Commercial,Fairhaven,2024-01-01,,,False,P-0037
M-00723,21,M,Medicaid,Pinecrest,2024-01-01,,,True,P-0027
M-00724,44,F,Commercial,Lakemont,2024-01-01,,,False,P-0020
M-00725,51,M,Commercial,Stonebridge,2024-01-01,,,False,P-0021
M-00726,37,F,Medicaid,Stonebridge,2024-01-01,,,True,P-0028
M-00727,17,F,Commercial,Rivergate,2024-01-01,2024-05-03,,False,P-0007
M-00728,9,F,Commercial,Lakemont,2024-12-07,,,False,P-0013
M-00729,68,M,Medicare Advantage,Lakemont,2024-01-01,,,True,P-0024
M-00730,28,M,Medicaid,Stonebridge,2024-01-01,,,True,P-0021
M-00731,85,F,Medicare Advantage,Stonebridge,2024-01-01,,,True,P-0004
M-00732,24,F,Commercial,Rivergate,2024-01-01,,,False,P-0007
M-00733,72,F,Medicare Advantage,Rivergate,2024-01-01,,,True,P-0007
M-00734,14,F,Commercial,Lakemont,2024-01-01,,,False,P-0011
M-00735,29,M,Commercial,Eastvale,2024-01-01,,,False,P-0003
M-00736,32,F,Commercial,Pinecrest,2024-01-01,,,False,P-0008
M-00737,3,M,Medicaid,Rivergate,2024-01-01,,,True,P-0002
M-00738,77,F,Medicare Advantage,Lakemont,2024-01-01,,,True,P-0008
M-00739,28,F,Commercial,Pinecrest,2024-01-01,,,False,P-0008
M-00740,27,F,Commercial,Rivergate,2024-01-01,,,False,P-0001
M-00741,54,M,Commercial,Eastvale,2024-01-01,2025-07-19,,False,P-0030
M-00742,36,F,Commercial,Stonebridge,2024-01-01,,,False,P-0013
M-00743,45,F,Commercial,Fairhaven,2024-01-01,2025-03-11,,False,P-0006
M-00744,23,M,Commercial,Eastvale,2024-01-01,2024-12-11,,False,P-0038
M-00745,32,M,Commercial,Stonebridge,2024-01-01,,,False,P-0004
M-00746,24,F,Commercial,Lakemont,2024-01-01,,,False,P-0016
M-00747,9,F,Commercial,Rivergate,2024-01-01,,,False,P-0008
M-00748,21,F,Commercial,Rivergate,2024-01-01,,,False,P-0034
M-00749,48,M,Commercial,Pinecrest,2024-01-01,,,False,P-0008
M-00750,28,M,Commercial,Stonebridge,2024-03-07,,,False,P-0004
M-00751,75,M,Medicare Advantage,Stonebridge,2024-01-01,2024-07-31,,True,P-0004
M-00752,42,M,Medicaid,Rivergate,2024-01-01,,,True,P-0001
M-00753,71,M,Medicare Advantage,Pinecrest,2024-01-01,,,True,P-0001
M-00754,60,M,Commercial,Eastvale,2024-01-01,,,False,P-0008
M-00755,12,M,Commercial,Pinecrest,2024-12-31,,,False,P-0008
M-00756,93,M,Medicare Advantage,Rivergate,2024-01-01,2025-08-07,,True,P-0007
M-00757,78,M,Medicare Advantage,Pinecrest,2024-01-01,,,True,P-0003
M-00758,31,M,Commercial,Lakemont,2024-01-01,,,False,P-0013
M-00759,86,F,Medicare Advantage,Lakemont,2024-01-01,,,True,P-0016
M-00760,27,F,Commercial,Lakemont,2024-01-01,,,False,P-0016
M-00761,70,F,Medicare Advantage,Rivergate,2024-01-01,2024-07-22,,True,P-0007
M-00762,23,F,Medicaid,Rivergate,2024-01-01,,,True,P-0001
M-00763,60,F,Commercial,Pinecrest,2024-01-01,,,False,P-0040
M-00764,55,M,Commercial,Pinecrest,2025-03-15,,,False,P-0025
M-00765,54,M,Commercial,Eastvale,2024-01-01,2024-09-27,,False,P-0016
M-00766,15,F,Medicaid,Pinecrest,2024-01-01,,,True,P-0043
M-00767,70,M,Medicare Advantage,Lakemont,2024-01-01,,,True,P-0024
M-00768,48,M,Commercial,Fairhaven,2024-01-01,2024-11-07,,False,P-0042
M-00769,34,F,Commercial,Lakemont,2024-01-01,,,False,P-0013
M-00770,98,F,Medicare Advantage,Eastvale,2024-01-01,,,True,P-0042
M-00771,26,F,Commercial,Lakemont,2024-01-01,2024-08-09,,False,P-0022
M-00772,63,F,Commercial,Lakemont,2024-01-01,,,False,P-0016
M-00773,85,F,Medicare Advantage,Fairhaven,2024-01-01,,,True,P-0006
M-00774,33,M,Commercial,Fairhaven,2024-01-01,,,False,P-0008
M-00775,2,M,Commercial,Stonebridge,2024-01-01,,,False,P-0004
M-00776,33,F,Medicaid,Rivergate,2025-04-07,,,True,P-0007
M-00777,27,M,Medicaid,Pinecrest,2024-01-01,,,True,P-0002
M-00778,37,M,Commercial,Stonebridge,2024-01-01,,,False,P-0004
M-00779,29,F,Commercial,Lakemont,2024-01-01,,,False,P-0016
M-00780,64,M,Commercial,Lakemont,2024-01-01,,,False,P-0003
M-00781,58,M,Commercial,Pinecrest,2024-04-06,,,False,P-0008
M-00782,46,F,Commercial,Pinecrest,2024-01-01,,,False,P-0001
M-00783,17,M,Commercial,Lakemont,2024-05-05,2025-02-07,,False,P-0003
M-00784,66,M,Medicare Advantage,Fairhaven,2024-01-01,,,True,P-0008
M-00785,57,F,Commercial,Lakemont,2024-01-01,,,False,P-0022
M-00786,13,F,Medicaid,Fairhaven,2024-01-01,,,True,P-0006
M-00787,23,M,Medicaid,Eastvale,2024-01-01,,,True,P-0038
M-00788,75,F,Medicare Advantage,Rivergate,2024-01-01,,,True,P-0045
M-00789,36,M,Commercial,Eastvale,2024-01-01,,,False,P-0029
M-00790,54,F,Commercial,Pinecrest,2024-01-01,,,False,P-0008
M-00791,70,M,Medicare Advantage,Rivergate,2024-01-01,,,True,P-0002
M-00792,7,M,Commercial,Fairhaven,2024-01-01,,,False,P-0027
M-00793,25,M,Commercial,Rivergate,2024-01-01,,,False,P-0001
M-00794,19,F,Commercial,Eastvale,2024-01-01,,,False,P-0044
M-00795,4,M,Commercial,Pinecrest,2024-01-01,,,False,P-0027
M-00796,37,M,Commercial,Stonebridge,2024-01-01,,,False,P-0045
M-00797,45,M,Medicaid,Pinecrest,2024-01-01,,,True,P-0008
M-00798,62,F,Commercial,Eastvale,2024-01-01,,,False,P-0028
M-00799,55,M,Commercial,Fairhaven,2024-01-01,,,False,P-0024
M-00800,18,F,Commercial,Eastvale,2024-01-01,,,False,P-0015
M-00801,6,M,Commercial,Fairhaven,2024-01-01,,,False,P-0032
M-00802,54,F,Medicaid,Fairhaven,2024-01-01,,,True,P-0032
M-00803,30,M,Medicaid,Eastvale,2024-01-01,,,True,P-0041
M-00804,21,M,Medicaid,Stonebridge,2024-11-02,,,True,P-0004
M-00805,5,M,Medicaid,Pinecrest,2024-01-01,,,True,P-0008
M-00806,5,M,Medicaid,Pinecrest,2024-01-01,,,True,P-0008
M-00807,68,F,Medicare Advantage,Stonebridge,2024-01-01,,,True,P-0003
M-00808,2,F,Commercial,Lakemont,2024-01-01,,,False,P-0013
M-00809,31,F,Commercial,Fairhaven,2024-01-01,,,False,P-0017
M-00810,63,M,Medicaid,Stonebridge,2024-01-01,,,True,P-0046
M-00811,7,F,Commercial,Rivergate,2024-01-01,,,False,P-0007
M-00812,54,M,Medicaid,Eastvale,2024-01-01,,,True,P-0008
M-00813,26,M,Commercial,Eastvale,2024-01-01,2025-03-31,,False,P-0012
M-00814,19,F,Commercial,Pinecrest,2024-01-01,,,False,P-0008
M-00815,3,F,Medicaid,Pinecrest,2024-01-01,,,True,P-0008
M-00816,18,F,Commercial,Lakemont,2024-01-01,,,False,P-0008
M-00817,80,F,Medicare Advantage,Fairhaven,2024-01-01,,,True,P-0013
M-00818,52,M,Commercial,Rivergate,2024-01-01,,,False,P-0005
M-00819,92,F,Medicaid,Pinecrest,2024-01-01,,,True,P-0003
M-00820,33,F,Commercial,Fairhaven,2024-01-01,,,False,P-0003
M-00821,90,M,Medicare Advantage,Lakemont,2024-01-01,,,True,P-0036
M-00822,31,M,Commercial,Lakemont,2024-01-01,,,False,P-0003
M-00823,38,F,Medicaid,Eastvale,2024-01-01,,,True,P-0025
M-00824,63,F,Commercial,Fairhaven,2024-01-01,,,False,P-0044
M-00825,15,F,Medicaid,Rivergate,2024-01-01,,,True,P-0008
M-00826,9,F,Commercial,Pinecrest,2024-01-01,,,False,P-0001
M-00827,74,M,Medicare Advantage,Pinecrest,2025-04-30,,,True,P-0003
M-00828,53,F,Medicaid,Stonebridge,2024-01-01,,,True,P-0004
M-00829,26,M,Commercial,Lakemont,2024-01-01,,,False,P-0016
M-00830,27,F,Commercial,Fairhaven,2024-01-01,,,False,P-0010
M-00831,55,M,Commercial,Pinecrest,2024-01-01,,,False,P-0002
M-00832,0,F,Commercial,Lakemont,2024-01-01,,,False,P-0022
M-00833,56,F,Commercial,Lakemont,2024-02-07,,,False,P-0016
M-00834,47,F,Commercial,Pinecrest,2025-04-20,,,False,P-0026
M-00835,57,M,Commercial,Pinecrest,2024-01-01,,,False,P-0008
M-00836,41,F,Medicaid,Lakemont,2024-01-01,,,True,P-0019
M-00837,48,M,Commercial,Fairhaven,2024-01-01,,,False,P-0008
M-00838,27,M,Commercial,Fairhaven,2024-01-01,,,False,P-0008
M-00839,79,M,Medicare Advantage,Fairhaven,2024-01-01,,2025-01-24,True,P-0008
M-00840,50,F,Medicaid,Pinecrest,2024-01-01,,,True,P-0008
M-00841,57,M,Medicaid,Stonebridge,2024-01-01,,,True,P-0004
M-00842,13,F,Medicaid,Rivergate,2024-01-01,,,True,P-0001
M-00843,61,F,Commercial,Rivergate,2024-01-01,,,False,P-0034
M-00844,38,F,Medicaid,Lakemont,2024-01-01,,,True,P-0016
M-00845,8,M,Commercial,Fairhaven,2024-01-01,,,False,P-0006
M-00846,74,M,Medicare Advantage,Pinecrest,2024-01-01,,,True,P-0008
M-00847,33,F,Commercial,Pinecrest,2024-01-01,,,False,P-0036
M-00848,26,F,Medicaid,Fairhaven,2024-01-01,,,True,P-0022
M-00849,9,M,Commercial,Stonebridge,2024-05-26,,,False,P-0004
M-00850,0,M,Commercial,Fairhaven,2024-09-12,,,False,P-0037
M-00851,37,M,Commercial,Rivergate,2024-01-01,,,False,P-0007
M-00852,31,F,Commercial,Eastvale,2024-01-01,,,False,P-0027
M-00853,75,M,Medicare Advantage,Fairhaven,2024-01-01,,,True,P-0044
M-00854,43,M,Medicaid,Eastvale,2024-01-01,,,True,P-0030
M-00855,71,F,Medicare Advantage,Rivergate,2024-12-27,,,True,P-0003
M-00856,18,F,Medicaid,Stonebridge,2024-01-01,,,True,P-0008
M-00857,40,M,Commercial,Stonebridge,2024-01-01,,,False,P-0004
M-00858,60,F,Commercial,Pinecrest,2024-01-01,,,False,P-0028
M-00859,71,M,Medicare Advantage,Eastvale,2024-01-01,,,True,P-0038
M-00860,56,M,Medicaid,Fairhaven,2024-01-01,2024-05-10,,True,P-0017
M-00861,75,M,Medicare Advantage,Fairhaven,2024-01-01,,,True,P-0032
M-00862,44,M,Commercial,Fairhaven,2024-01-01,,,False,P-0006
M-00863,25,M,Medicaid,Pinecrest,2024-01-01,,,True,P-0026
M-00864,15,F,Commercial,Fairhaven,2024-01-01,,,False,P-0006
M-00865,21,F,Medicaid,Lakemont,2024-01-01,,,True,P-0013
M-00866,1,F,Commercial,Fairhaven,2024-01-01,,,False,P-0044
M-00867,8,M,Commercial,Stonebridge,2024-01-01,,,False,P-0021
M-00868,73,F,Medicare Advantage,Fairhaven,2024-01-01,,,True,P-0006
M-00869,86,F,Medicare Advantage,Stonebridge,2024-01-01,,,True,P-0008
M-00870,13,M,Commercial,Pinecrest,2024-01-01,,,False,P-0002
M-00871,26,M,Medicaid,Stonebridge,2024-01-01,,,True,P-0008
M-00872,20,F,Commercial,Fairhaven,2024-01-01,,,False,P-0021
M-00873,62,M,Commercial,Pinecrest,2024-01-01,,,False,P-0026
M-00874,17,F,Commercial,Stonebridge,2024-01-01,2025-07-01,,False,P-0008
M-00875,66,M,Medicare Advantage,Stonebridge,2024-01-01,,,True,P-0004
M-00876,25,M,Commercial,Lakemont,2025-05-02,,,False,P-0036
M-00877,34,M,Commercial,Pinecrest,2024-01-01,,,False,P-0008
M-00878,60,M,Commercial,Pinecrest,2024-12-31,,,False,P-0008
M-00879,32,F,Commercial,Eastvale,2024-01-01,,,False,P-0008
M-00880,54,M,Medicaid,Rivergate,2024-01-01,,,True,P-0001
M-00881,10,M,Commercial,Lakemont,2024-01-01,2024-07-15,,False,P-0019
M-00882,30,F,Commercial,Lakemont,2024-01-01,,,False,P-0036
M-00883,29,M,Commercial,Fairhaven,2025-03-09,,,False,P-0010
M-00884,0,F,Medicaid,Lakemont,2024-01-01,,,True,P-0001
M-00885,8,F,Commercial,Eastvale,2024-01-01,2024-05-18,,False,P-0035
M-00886,84,F,Medicare Advantage,Lakemont,2024-01-01,,,True,P-0022
M-00887,42,F,Commercial,Lakemont,2024-01-01,,,False,P-0016
M-00888,40,F,Commercial,Eastvale,2024-01-01,,,False,P-0029
M-00889,82,M,Medicare Advantage,Lakemont,2024-01-01,,,True,P-0007
M-00890,23,M,Commercial,Fairhaven,2024-01-01,,,False,P-0008
M-00891,15,F,Commercial,Lakemont,2024-01-01,,,False,P-0020
M-00892,2,F,Medicaid,Fairhaven,2024-01-01,,,True,P-0006
M-00893,49,F,Commercial,Stonebridge,2024-03-01,,,False,P-0008
M-00894,40,F,Commercial,Eastvale,2024-01-01,,,False,P-0008
M-00895,50,M,Medicaid,Lakemont,2024-01-01,,,True,P-0008
M-00896,20,M,Commercial,Pinecrest,2024-01-01,,,False,P-0008
M-00897,47,M,Commercial,Rivergate,2024-01-01,2025-06-08,,False,P-0007
M-00898,54,M,Commercial,Stonebridge,2024-09-24,,,False,P-0025
M-00899,35,F,Commercial,Stonebridge,2024-01-01,,,False,P-0008
M-00900,54,M,Commercial,Rivergate,2024-01-01,,,False,P-0037
M-00901,11,M,Medicaid,Rivergate,2024-01-01,,,True,P-0007
M-00902,19,F,Commercial,Lakemont,2024-01-01,,,False,P-0024
M-00903,11,M,Medicaid,Rivergate,2025-01-11,,,True,P-0008
M-00904,21,F,Commercial,Eastvale,2024-01-01,,,False,P-0029
M-00905,70,F,Medicare Advantage,Fairhaven,2024-01-01,,,True,P-0035
M-00906,37,M,Medicaid,Rivergate,2024-01-01,,,True,P-0007
M-00907,50,M,Commercial,Fairhaven,2024-01-01,,,False,P-0008
M-00908,62,M,Medicaid,Fairhaven,2024-05-01,,,True,P-0033
M-00909,57,F,Commercial,Fairhaven,2025-04-25,,,False,P-0006
M-00910,4,M,Medicaid,Eastvale,2024-01-01,,,True,P-0013
M-00911,36,F,Commercial,Fairhaven,2024-01-01,,,False,P-0006
M-00912,56,M,Commercial,Stonebridge,2024-01-01,,,False,P-0008
M-00913,20,M,Commercial,Fairhaven,2024-01-01,,,False,P-0032
M-00914,32,M,Commercial,Fairhaven,2024-01-01,2024-10-27,,False,P-0008
M-00915,44,F,Commercial,Stonebridge,2024-01-01,,,False,P-0018
M-00916,57,F,Commercial,Lakemont,2024-01-01,,,False,P-0003
M-00917,45,M,Medicaid,Stonebridge,2024-01-01,,,True,P-0021
M-00918,38,M,Medicaid,Lakemont,2024-01-01,,,True,P-0045
M-00919,33,M,Commercial,Lakemont,2024-01-01,,,False,P-0008
M-00920,30,F,Commercial,Stonebridge,2024-01-01,2025-01-30,,False,P-0021
M-00921,35,M,Commercial,Fairhaven,2024-01-01,,,False,P-0032
M-00922,22,M,Commercial,Pinecrest,2024-01-01,,,False,P-0008
M-00923,35,M,Commercial,Lakemont,2024-01-01,,,False,P-0031
M-00924,39,F,Commercial,Pinecrest,2024-01-01,2024-06-10,,False,P-0008
M-00925,77,F,Medicare Advantage,Rivergate,2024-01-01,2025-06-28,,True,P-0007
M-00926,36,F,Commercial,Pinecrest,2024-01-01,,,False,P-0008
M-00927,19,M,Commercial,Pinecrest,2024-01-01,,,False,P-0001
M-00928,66,F,Medicare Advantage,Eastvale,2024-01-01,,,True,P-0030
M-00929,67,M,Medicaid,Lakemont,2024-01-01,,,True,P-0024
M-00930,37,F,Commercial,Lakemont,2024-01-01,,,False,P-0011
M-00931,10,F,Commercial,Lakemont,2024-01-01,,,False,P-0031
M-00932,74,F,Medicare Advantage,Pinecrest,2024-01-01,2025-06-08,,True,P-0012
M-00933,53,F,Commercial,Eastvale,2024-01-01,,,False,P-0029
M-00934,63,M,Commercial,Eastvale,2024-01-01,,,False,P-0029
M-00935,39,F,Medicaid,Lakemont,2024-01-01,,,True,P-0031
M-00936,50,F,Commercial,Rivergate,2024-01-01,,,False,P-0007
M-00937,14,F,Commercial,Rivergate,2024-01-01,,,False,P-0001
M-00938,15,F,Commercial,Eastvale,2024-01-01,,,False,P-0015
M-00939,62,M,Commercial,Fairhaven,2024-01-01,,,False,P-0008
M-00940,73,M,Medicare Advantage,Eastvale,2024-01-01,,,True,P-0030
M-00941,5,M,Medicaid,Stonebridge,2024-01-01,,,True,P-0004
M-00942,28,M,Commercial,Stonebridge,2024-01-01,2025-07-17,,False,P-0004
M-00943,86,M,Medicare Advantage,Fairhaven,2024-01-01,,,True,P-0008
M-00944,61,M,Commercial,Lakemont,2024-05-31,,,False,P-0004
M-00945,39,M,Commercial,Fairhaven,2024-01-01,,,False,P-0006
M-00946,85,M,Medicare Advantage,Pinecrest,2024-01-01,2025-04-13,,True,P-0008
M-00947,12,F,Commercial,Lakemont,2024-01-01,,,False,P-0013
M-00948,34,M,Commercial,Rivergate,2024-10-16,,,False,P-0025
M-00949,3,F,Commercial,Fairhaven,2024-01-01,,,False,P-0044
M-00950,35,M,Commercial,Rivergate,2024-01-01,,,False,P-0002
M-00951,24,F,Commercial,Stonebridge,2024-01-01,2024-09-03,,False,P-0011
M-00952,69,M,Medicare Advantage,Lakemont,2024-01-01,,,True,P-0016
M-00953,51,F,Commercial,Eastvale,2024-01-01,,,False,P-0032
M-00954,18,F,Commercial,Lakemont,2024-01-01,,,False,P-0008
M-00955,43,F,Medicaid,Rivergate,2024-11-07,,,True,P-0002
M-00956,37,F,Commercial,Eastvale,2025-04-11,,,False,P-0006
M-00957,78,M,Medicare Advantage,Stonebridge,2024-01-01,,,True,P-0004
M-00958,18,M,Commercial,Stonebridge,2024-01-01,,,False,P-0013
M-00959,21,F,Commercial,Stonebridge,2024-01-01,,,False,P-0028
M-00960,31,F,Commercial,Eastvale,2024-01-01,,,False,P-0030
M-00961,64,F,Commercial,Rivergate,2024-01-01,,,False,P-0007
M-00962,3,M,Medicaid,Fairhaven,2024-01-01,,,True,P-0017
M-00963,46,M,Medicaid,Lakemont,2024-01-01,,,True,P-0016
M-00964,68,F,Medicare Advantage,Rivergate,2024-04-23,,,True,P-0008
M-00965,32,M,Medicaid,Eastvale,2024-01-01,,,True,P-0008
M-00966,74,F,Medicare Advantage,Stonebridge,2025-01-13,,,True,P-0003
M-00967,60,F,Commercial,Eastvale,2024-01-01,,,False,P-0004
M-00968,28,M,Commercial,Rivergate,2024-01-01,,,False,P-0034
M-00969,15,F,Commercial,Fairhaven,2024-01-01,,,False,P-0006
M-00970,3,M,Commercial,Rivergate,2024-01-01,,,False,P-0002
M-00971,19,F,Medicaid,Eastvale,2024-01-01,,,True,P-0008
M-00972,42,F,Commercial,Eastvale,2024-01-01,,,False,P-0035
M-00973,16,M,Commercial,Eastvale,2024-01-01,,,False,P-0028
M-00974,41,F,Commercial,Lakemont,2024-01-01,,,False,P-0015
M-00975,31,F,Commercial,Fairhaven,2024-01-01,,,False,P-0006
M-00976,76,M,Medicare Advantage,Pinecrest,2024-01-01,,,True,P-0003
M-00977,18,F,Commercial,Eastvale,2024-01-01,,,False,P-0012
M-00978,14,M,Commercial,Rivergate,2024-01-01,,,False,P-0002
M-00979,51,M,Commercial,Fairhaven,2024-01-01,,,False,P-0037
M-00980,77,F,Medicaid,Stonebridge,2024-01-01,,,True,P-0004
M-00981,32,F,Commercial,Pinecrest,2024-01-01,,,False,P-0002
M-00982,53,M,Commercial,Lakemont,2024-01-01,,,False,P-0019
M-00983,2,F,Medicaid,Lakemont,2024-01-01,,,True,P-0022
M-00984,34,M,Commercial,Rivergate,2024-01-01,,,False,P-0002
M-00985,54,M,Medicaid,Rivergate,2024-01-01,,,True,P-0008
M-00986,25,M,Medicaid,Fairhaven,2024-01-01,,,True,P-0006
M-00987,26,M,Medicaid,Fairhaven,2024-01-01,,,True,P-0006
M-00988,58,M,Commercial,Pinecrest,2024-11-22,,,False,P-0043
M-00989,29,M,Commercial,Lakemont,2024-08-26,,,False,P-0013
M-00990,37,M,Medicaid,Fairhaven,2024-01-01,,,True,P-0033
M-00991,48,F,Commercial,Fairhaven,2024-01-01,,,False,P-0006
M-00992,34,M,Commercial,Lakemont,2024-01-01,2025-07-15,,False,P-0020
M-00993,18,F,Commercial,Eastvale,2024-01-01,,,False,P-0039
M-00994,62,M,Commercial,Stonebridge,2024-01-01,,,False,P-0026
M-00995,8,F,Medicaid,Rivergate,2024-01-01,2024-12-17,,True,P-0001
M-00996,57,M,Commercial,Lakemont,2024-01-01,2024-07-23,,False,P-0045
M-00997,8,M,Commercial,Pinecrest,2024-01-01,,,False,P-0026
M-00998,48,F,Commercial,Fairhaven,2024-05-07,,,False,P-0032
M-00999,54,M,Commercial,Rivergate,2024-01-01,,,False,P-0042
M-01000,6,F,Commercial,Eastvale,2024-03-29,,,False,P-0029
M-01001,83,M,Medicare Advantage,Stonebridge,2024-01-01,,,True,P-0004
M-01002,55,M,Medicaid,Fairhaven,2024-01-01,,,True,P-0017
M-01003,37,M,Commercial,Lakemont,2024-08-27,,,False,P-0031
M-01004,70,F,Medicare Advantage,Rivergate,2024-01-01,,,True,P-0008
M-01005,0,M,Commercial,Lakemont,2024-01-01,,,False,P-0008
M-01006,9,M,Medicaid,Lakemont,2024-01-01,2024-12-25,,True,P-0016
M-01007,49,F,Commercial,Lakemont,2024-01-01,,,False,P-0008
M-01008,89,M,Medicare Advantage,Pinecrest,2024-01-01,,,True,P-0008
M-01009,58,M,Commercial,Pinecrest,2024-01-01,2024-11-24,,False,P-0008
M-01010,33,M,Commercial,Rivergate,2024-12-25,,,False,P-0017
M-01011,33,M,Commercial,Lakemont,2024-01-01,,,False,P-0013
M-01012,38,F,Commercial,Pinecrest,2024-01-01,,,False,P-0008
M-01013,22,M,Commercial,Stonebridge,2024-01-01,,,False,P-0008
M-01014,20,F,Commercial,Pinecrest,2024-01-01,,,False,P-0008
M-01015,69,F,Medicare Advantage,Lakemont,2024-01-01,,,True,P-0032
M-01016,46,M,Commercial,Eastvale,2024-01-01,,,False,P-0012
M-01017,17,M,Medicaid,Stonebridge,2024-01-01,2024-06-19,,True,P-0021
M-01018,56,F,Commercial,Fairhaven,2024-01-01,2024-11-23,,False,P-0010
M-01019,28,F,Commercial,Fairhaven,2024-01-01,,,False,P-0026
M-01020,68,M,Medicaid,Eastvale,2024-01-01,2024-05-13,,True,P-0025
M-01021,39,F,Commercial,Rivergate,2024-01-01,,,False,P-0002
M-01022,56,F,Commercial,Fairhaven,2024-01-01,,,False,P-0032
M-01023,13,F,Commercial,Pinecrest,2024-09-25,,,False,P-0001
M-01024,19,F,Commercial,Pinecrest,2024-01-01,,,False,P-0008
M-01025,56,M,Commercial,Eastvale,2024-01-01,,,False,P-0023
M-01026,29,F,Commercial,Lakemont,2024-01-01,,,False,P-0031
M-01027,9,F,Medicaid,Stonebridge,2024-01-01,,,True,P-0004
M-01028,13,F,Medicaid,Lakemont,2024-01-01,,,True,P-0008
M-01029,50,F,Commercial,Rivergate,2024-01-01,,,False,P-0001
M-01030,76,F,Medicare Advantage,Pinecrest,2024-10-27,,,True,P-0008
M-01031,33,F,Commercial,Rivergate,2024-01-01,,,False,P-0034
M-01032,2,F,Medicaid,Lakemont,2024-01-01,,,True,P-0010
M-01033,87,F,Medicare Advantage,Rivergate,2024-01-01,,,True,P-0007
M-01034,1,M,Commercial,Fairhaven,2024-01-01,,,False,P-0010
M-01035,13,F,Commercial,Stonebridge,2024-01-01,,,False,P-0018
M-01036,87,M,Medicare Advantage,Rivergate,2024-01-01,,,True,P-0027
M-01037,0,M,Commercial,Eastvale,2024-01-01,2024-08-22,,False,P-0019
M-01038,14,F,Commercial,Pinecrest,2024-01-01,,,False,P-0026
M-01039,61,F,Commercial,Lakemont,2024-01-01,,,False,P-0045
M-01040,58,F,Commercial,Lakemont,2024-01-01,2025-06-15,,False,P-0046
M-01041,40,F,Commercial,Stonebridge,2024-01-01,,,False,P-0008
M-01042,44,F,Commercial,Fairhaven,2024-01-01,,,False,P-0013
M-01043,48,F,Medicaid,Stonebridge,2024-06-16,,,True,P-0018
M-01044,68,M,Medicare Advantage,Stonebridge,2024-01-01,,,True,P-0003
M-01045,39,M,Medicaid,Pinecrest,2024-01-01,,,True,P-0041
M-01046,76,F,Medicare Advantage,Fairhaven,2024-01-01,,,True,P-0044
M-01047,14,F,Commercial,Eastvale,2024-01-01,,,False,P-0025
M-01048,48,M,Medicaid,Rivergate,2024-01-01,,,True,P-0001
M-01049,70,M,Medicare Advantage,Rivergate,2024-01-01,,,True,P-0008
M-01050,23,F,Commercial,Pinecrest,2024-01-01,,,False,P-0030
M-01051,34,F,Commercial,Pinecrest,2024-01-01,,,False,P-0043
M-01052,11,F,Commercial,Pinecrest,2024-01-01,,,False,P-0008
M-01053,26,M,Medicaid,Fairhaven,2024-01-01,,,True,P-0018
M-01054,65,F,Medicare Advantage,Pinecrest,2024-01-01,,,True,P-0002
M-01055,91,F,Medicare Advantage,Eastvale,2024-01-01,,,True,P-0025
M-01056,29,M,Medicaid,Fairhaven,2024-01-01,,,True,P-0032
M-01057,12,F,Commercial,Eastvale,2025-04-10,,,False,P-0012
M-01058,63,F,Commercial,Eastvale,2024-01-01,,,False,P-0008
M-01059,18,F,Commercial,Rivergate,2025-02-10,,,False,P-0007
M-01060,26,M,Commercial,Fairhaven,2024-01-01,,,False,P-0010
M-01061,23,F,Commercial,Eastvale,2024-01-01,,,False,P-0012
M-01062,80,M,Medicare Advantage,Rivergate,2024-01-01,,,True,P-0007
M-01063,59,F,Medicaid,Rivergate,2024-01-01,,,True,P-0001
M-01064,60,F,Commercial,Pinecrest,2024-01-01,,,False,P-0002
M-01065,41,F,Commercial,Pinecrest,2024-01-01,,,False,P-0002
M-01066,30,F,Commercial,Fairhaven,2024-01-01,,,False,P-0006
M-01067,58,M,Commercial,Rivergate,2024-01-01,,,False,P-0008
M-01068,53,M,Medicaid,Eastvale,2024-01-01,,,True,P-0008
M-01069,13,F,Commercial,Lakemont,2024-01-01,2024-12-12,,False,P-0045
M-01070,38,M,Commercial,Stonebridge,2024-01-01,,,False,P-0032
M-01071,45,F,Medicaid,Lakemont,2024-01-01,,,True,P-0011
M-01072,13,F,Commercial,Lakemont,2024-08-07,,,False,P-0020
M-01073,15,F,Commercial,Eastvale,2024-01-01,,,False,P-0011
M-01074,62,F,Commercial,Lakemont,2024-08-03,,,False,P-0003
M-01075,72,F,Medicare Advantage,Eastvale,2024-01-01,,,True,P-0036
M-01076,52,F,Commercial,Stonebridge,2025-01-22,,,False,P-0001
M-01077,25,M,Commercial,Lakemont,2024-01-01,,,False,P-0008
M-01078,60,M,Commercial,Eastvale,2024-01-01,,,False,P-0008
M-01079,33,F,Medicaid,Pinecrest,2025-02-27,,,True,P-0002
M-01080,16,M,Commercial,Lakemont,2024-01-01,,,False,P-0022
M-01081,33,F,Commercial,Eastvale,2024-01-01,,,False,P-0015
M-01082,75,M,Medicare Advantage,Pinecrest,2024-03-24,,,True,P-0011
M-01083,18,F,Commercial,Eastvale,2024-01-01,,,False,P-0008
M-01084,42,M,Medicaid,Rivergate,2024-01-01,2024-08-30,,True,P-0002
M-01085,13,M,Commercial,Rivergate,2024-01-01,,,False,P-0002
M-01086,91,M,Medicare Advantage,Rivergate,2024-01-01,,,True,P-0001
M-01087,29,M,Commercial,Stonebridge,2024-01-01,,,False,P-0004
M-01088,70,F,Medicare Advantage,Eastvale,2024-01-01,,,True,P-0003
M-01089,3,M,Commercial,Eastvale,2025-03-13,,,False,P-0015
M-01090,21,M,Commercial,Stonebridge,2024-01-01,,,False,P-0004
M-01091,31,M,Commercial,Stonebridge,2024-01-01,,,False,P-0004
M-01092,9,F,Medicaid,Eastvale,2024-01-01,,,True,P-0030
M-01093,76,M,Medicare Advantage,Eastvale,2024-01-01,,,True,P-0019
M-01094,69,M,Medicare Advantage,Rivergate,2024-01-01,,,True,P-0007
M-01095,15,M,Medicaid,Stonebridge,2024-01-01,,,True,P-0046
M-01096,59,F,Commercial,Lakemont,2024-09-05,,,False,P-0013
M-01097,8,M,Medicaid,Rivergate,2024-01-01,,,True,P-0008
M-01098,12,F,Medicaid,Fairhaven,2024-02-20,,,True,P-0008
M-01099,74,F,Medicare Advantage,Stonebridge,2024-12-08,,,True,P-0012
M-01100,64,M,Commercial,Stonebridge,2024-12-18,,,False,P-0004
M-01101,99,M,Medicare Advantage,Stonebridge,2024-01-01,,,True,P-0046
M-01102,47,F,Commercial,Rivergate,2024-01-01,,,False,P-0002
M-01103,42,M,Medicaid,Eastvale,2024-01-01,,,True,P-0035
M-01104,15,M,Commercial,Lakemont,2024-01-01,,,False,P-0020
M-01105,7,F,Commercial,Pinecrest,2024-01-01,,,False,P-0001
M-01106,30,M,Medicaid,Stonebridge,2024-01-01,,,True,P-0004
M-01107,77,F,Medicaid,Pinecrest,2024-01-01,,,True,P-0002
M-01108,52,M,Commercial,Fairhaven,2024-01-01,2025-04-17,,False,P-0032
M-01109,41,M,Medicaid,Stonebridge,2024-05-26,2025-03-04,,True,P-0012
M-01110,68,F,Medicare Advantage,Lakemont,2025-04-18,,,True,P-0008
M-01111,8,F,Medicaid,Rivergate,2024-01-01,,,True,P-0002
M-01112,58,M,Commercial,Pinecrest,2024-01-01,,,False,P-0027
M-01113,92,M,Medicare Advantage,Eastvale,2024-07-22,,,True,P-0029
M-01114,12,M,Commercial,Eastvale,2024-01-01,,,False,P-0038
M-01115,21,M,Commercial,Stonebridge,2024-01-01,,,False,P-0004
M-01116,54,F,Commercial,Lakemont,2024-01-01,,,False,P-0016
M-01117,36,F,Commercial,Pinecrest,2024-01-01,,,False,P-0039
M-01118,61,M,Medicaid,Fairhaven,2024-01-01,,,True,P-0008
M-01119,52,F,Commercial,Stonebridge,2024-02-25,,,False,P-0018
M-01120,21,F,Commercial,Stonebridge,2024-01-01,,,False,P-0004
M-01121,63,M,Commercial,Pinecrest,2024-01-01,,,False,P-0046
M-01122,36,F,Commercial,Rivergate,2024-01-01,,,False,P-0038
M-01123,54,M,Commercial,Eastvale,2024-01-01,,,False,P-0030
M-01124,3,F,Commercial,Pinecrest,2024-01-01,,,False,P-0016
M-01125,34,F,Commercial,Stonebridge,2024-01-01,,,False,P-0025
M-01126,34,F,Commercial,Rivergate,2024-01-01,,,False,P-0007
M-01127,3,F,Commercial,Fairhaven,2024-01-01,,,False,P-0010
M-01128,80,M,Medicare Advantage,Pinecrest,2024-01-01,,,True,P-0008
M-01129,56,F,Medicaid,Fairhaven,2024-11-09,,,True,P-0033
M-01130,69,M,Medicare Advantage,Pinecrest,2024-01-01,,,True,P-0043
M-01131,25,F,Medicaid,Lakemont,2024-01-01,,,True,P-0031
M-01132,12,F,Medicaid,Lakemont,2024-01-01,,,True,P-0013
M-01133,4,F,Medicaid,Stonebridge,2024-01-01,,,True,P-0004
M-01134,15,F,Medicaid,Pinecrest,2024-01-01,,,True,P-0008
M-01135,66,F,Medicare Advantage,Lakemont,2024-01-01,,,True,P-0008
M-01136,64,M,Commercial,Lakemont,2024-01-01,,,False,P-0019
M-01137,68,M,Medicare Advantage,Stonebridge,2024-01-01,,,True,P-0004
M-01138,22,F,Commercial,Fairhaven,2024-01-01,,,False,P-0012
M-01139,45,F,Medicaid,Lakemont,2025-03-18,,,True,P-0008
M-01140,73,F,Medicare Advantage,Rivergate,2025-04-27,,,True,P-0003
M-01141,16,M,Medicaid,Pinecrest,2024-01-01,,,True,P-0008
M-01142,34,M,Medicaid,Rivergate,2024-01-01,,,True,P-0001
M-01143,14,F,Commercial,Stonebridge,2024-11-26,,,False,P-0004
M-01144,18,M,Commercial,Fairhaven,2024-01-01,,,False,P-0044
M-01145,15,F,Medicaid,Pinecrest,2024-01-01,,,True,P-0035
M-01146,9,M,Commercial,Stonebridge,2024-01-01,2024-06-19,,False,P-0008
M-01147,59,F,Commercial,Lakemont,2024-01-01,,,False,P-0016
M-01148,32,M,Commercial,Lakemont,2024-01-01,,,False,P-0011
M-01149,63,F,Commercial,Eastvale,2024-01-01,,,False,P-0008
M-01150,50,F,Medicaid,Pinecrest,2024-01-01,,,True,P-0002
M-01151,52,F,Commercial,Stonebridge,2024-01-01,,,False,P-0004
M-01152,62,F,Commercial,Stonebridge,2024-01-01,,,False,P-0004
M-01153,74,M,Medicare Advantage,Eastvale,2024-01-01,,,True,P-0008
M-01154,27,M,Commercial,Pinecrest,2024-01-01,,,False,P-0002
M-01155,25,F,Commercial,Eastvale,2024-01-01,,,False,P-0008
M-01156,34,M,Commercial,Eastvale,2024-01-01,,,False,P-0028
M-01157,87,F,Medicare Advantage,Lakemont,2024-01-01,,,True,P-0044
M-01158,55,F,Commercial,Fairhaven,2024-01-01,,,False,P-0006
M-01159,21,M,Commercial,Stonebridge,2024-01-01,,,False,P-0008
M-01160,31,M,Commercial,Pinecrest,2024-01-01,,,False,P-0001
M-01161,18,F,Commercial,Eastvale,2024-01-01,,,False,P-0008
M-01162,21,F,Commercial,Rivergate,2024-04-22,,,False,P-0001
M-01163,17,M,Medicaid,Rivergate,2025-03-10,,,True,P-0001
M-01164,23,F,Commercial,Eastvale,2024-01-01,,,False,P-0038
M-01165,44,F,Commercial,Fairhaven,2024-01-01,,,False,P-0006
M-01166,42,F,Commercial,Pinecrest,2024-01-01,,,False,P-0027
M-01167,56,F,Commercial,Eastvale,2024-01-01,2024-05-10,,False,P-0030
M-01168,45,F,Commercial,Stonebridge,2024-04-20,2024-12-11,,False,P-0004
M-01169,34,F,Commercial,Pinecrest,2024-01-01,,,False,P-0008
M-01170,54,F,Medicaid,Eastvale,2024-01-01,,,True,P-0038
M-01171,34,F,Commercial,Eastvale,2024-01-01,,,False,P-0025
M-01172,15,F,Commercial,Fairhaven,2024-01-01,2024-12-01,,False,P-0019
M-01173,1,F,Medicaid,Stonebridge,2024-01-01,,,True,P-0008
M-01174,40,M,Commercial,Eastvale,2024-01-01,,,False,P-0007
M-01175,39,F,Commercial,Fairhaven,2024-02-20,,,False,P-0006
M-01176,55,F,Commercial,Lakemont,2024-02-27,,,False,P-0003
M-01177,60,M,Commercial,Fairhaven,2024-01-01,,,False,P-0044
M-01178,71,M,Medicaid,Eastvale,2024-01-01,,2025-03-04,True,P-0003
M-01179,52,F,Commercial,Rivergate,2024-01-01,,,False,P-0001
M-01180,57,M,Medicaid,Lakemont,2024-01-01,,,True,P-0036
M-01181,55,M,Commercial,Eastvale,2024-01-01,,,False,P-0029
M-01182,18,M,Commercial,Pinecrest,2024-01-01,,,False,P-0008
M-01183,57,M,Commercial,Stonebridge,2024-01-01,,,False,P-0021
M-01184,40,F,Commercial,Lakemont,2024-08-31,,,False,P-0024
M-01185,58,F,Commercial,Stonebridge,2024-01-01,,,False,P-0004
M-01186,43,M,Medicaid,Lakemont,2025-01-23,,,True,P-0031
M-01187,46,F,Commercial,Stonebridge,2024-01-01,,,False,P-0004
M-01188,72,F,Medicare Advantage,Fairhaven,2025-03-24,,,True,P-0027
M-01189,7,F,Commercial,Fairhaven,2024-01-01,,,False,P-0010
M-01190,19,M,Commercial,Fairhaven,2024-01-01,,,False,P-0011
M-01191,49,F,Medicaid,Pinecrest,2024-01-01,2025-01-01,,True,P-0041
M-01192,4,M,Commercial,Rivergate,2024-01-01,,,False,P-0034
M-01193,15,M,Medicaid,Stonebridge,2024-01-01,,,True,P-0004
M-01194,47,F,Commercial,Rivergate,2024-01-01,,,False,P-0034
M-01195,6,F,Commercial,Stonebridge,2024-01-01,2025-02-25,,False,P-0046
M-01196,47,F,Commercial,Lakemont,2024-01-01,,,False,P-0025
M-01197,73,M,Medicare Advantage,Fairhaven,2024-01-01,,2024-12-15,True,P-0006
M-01198,35,M,Commercial,Lakemont,2024-01-01,,,False,P-0013
M-01199,44,F,Medicaid,Stonebridge,2024-01-01,,,True,P-0024
M-01200,56,F,Commercial,Eastvale,2024-06-03,,,False,P-0024
M-01201,39,F,Commercial,Stonebridge,2024-06-15,,,False,P-0004
M-01202,15,M,Medicaid,Eastvale,2024-01-01,,,True,P-0030
M-01203,67,F,Medicare Advantage,Pinecrest,2024-01-01,,,True,P-0008
M-01204,21,F,Commercial,Eastvale,2024-01-01,,,False,P-0038
M-01205,67,F,Medicare Advantage,Pinecrest,2024-04-21,,,True,P-0029
M-01206,72,F,Medicare Advantage,Fairhaven,2024-01-01,,,True,P-0008
M-01207,10,F,Medicaid,Rivergate,2024-01-01,,,True,P-0002
M-01208,99,M,Medicaid,Fairhaven,2024-01-01,,,True,P-0003
M-01209,39,F,Commercial,Eastvale,2024-01-01,,,False,P-0030
M-01210,49,M,Commercial,Pinecrest,2024-01-01,,,False,P-0008
M-01211,34,F,Commercial,Rivergate,2024-01-01,,,False,P-0001
M-01212,23,M,Commercial,Lakemont,2024-01-01,,,False,P-0029
M-01213,48,F,Commercial,Rivergate,2024-01-01,,,False,P-0007
M-01214,52,F,Commercial,Rivergate,2024-01-01,,,False,P-0001
M-01215,7,M,Medicaid,Lakemont,2024-01-01,,,True,P-0004
M-01216,31,F,Commercial,Fairhaven,2024-01-01,,,False,P-0006
M-01217,55,M,Commercial,Lakemont,2024-01-01,,,False,P-0020
M-01218,59,M,Commercial,Pinecrest,2024-01-01,,,False,P-0008
M-01219,35,M,Commercial,Pinecrest,2024-01-01,,,False,P-0043
M-01220,25,F,Medicaid,Rivergate,2025-02-01,,,True,P-0007
M-01221,63,F,Medicaid,Lakemont,2024-01-01,,,True,P-0013
M-01222,59,F,Commercial,Pinecrest,2024-01-01,,,False,P-0008
M-01223,52,F,Commercial,Lakemont,2024-01-01,2024-07-31,,False,P-0036
M-01224,72,M,Medicare Advantage,Pinecrest,2024-01-01,,,True,P-0002
M-01225,68,F,Medicaid,Stonebridge,2024-01-01,,,True,P-0004
M-01226,12,M,Medicaid,Fairhaven,2024-01-01,2025-02-23,,True,P-0005
M-01227,15,F,Commercial,Rivergate,2024-01-01,,,False,P-0002
M-01228,52,M,Commercial,Rivergate,2025-03-28,,,False,P-0034
M-01229,29,F,Medicaid,Pinecrest,2024-01-01,,,True,P-0027
M-01230,32,M,Commercial,Pinecrest,2024-01-01,,,False,P-0026
M-01231,73,M,Medicare Advantage,Rivergate,2024-01-01,,,True,P-0002
M-01232,68,M,Medicare Advantage,Eastvale,2024-01-01,,,True,P-0025
M-01233,22,M,Medicaid,Rivergate,2024-01-01,,,True,P-0008
M-01234,79,M,Medicare Advantage,Eastvale,2024-01-01,,,True,P-0003
M-01235,18,F,Commercial,Rivergate,2024-04-21,,,False,P-0001
M-01236,72,M,Medicare Advantage,Stonebridge,2024-01-01,,,True,P-0004
M-01237,64,F,Commercial,Lakemont,2024-01-01,,,False,P-0024
M-01238,26,M,Commercial,Stonebridge,2024-07-21,,,False,P-0012
M-01239,67,F,Medicare Advantage,Stonebridge,2024-12-09,,,True,P-0004
M-01240,61,M,Medicaid,Pinecrest,2024-08-09,2025-02-25,,True,P-0044
M-01241,41,M,Medicaid,Rivergate,2024-01-01,2024-09-29,,True,P-0042
M-01242,24,M,Commercial,Eastvale,2024-01-01,,,False,P-0030
M-01243,19,F,Commercial,Fairhaven,2024-01-01,,,False,P-0037
M-01244,39,F,Commercial,Fairhaven,2024-01-01,,,False,P-0020
M-01245,59,F,Commercial,Stonebridge,2024-01-01,,,False,P-0004
M-01246,67,F,Medicare Advantage,Stonebridge,2024-01-01,,,True,P-0004
M-01247,88,F,Medicare Advantage,Eastvale,2024-01-01,,,True,P-0003
M-01248,73,M,Medicare Advantage,Rivergate,2024-09-12,,,True,P-0007
M-01249,45,M,Medicaid,Stonebridge,2024-01-01,,,True,P-0004
M-01250,31,F,Commercial,Pinecrest,2024-01-01,,,False,P-0008
M-01251,69,F,Medicare Advantage,Stonebridge,2024-01-01,2024-08-26,,True,P-0038
M-01252,38,M,Commercial,Lakemont,2024-01-01,,,False,P-0019
M-01253,48,M,Commercial,Lakemont,2024-01-01,2025-05-11,,False,P-0020
M-01254,81,F,Medicare Advantage,Pinecrest,2024-01-01,,,True,P-0002
M-01255,34,M,Commercial,Stonebridge,2024-01-01,,,False,P-0004
M-01256,15,F,Commercial,Rivergate,2024-01-01,,,False,P-0002
M-01257,64,F,Commercial,Fairhaven,2024-01-01,,,False,P-0008
M-01258,49,F,Commercial,Lakemont,2024-01-01,,,False,P-0018
M-01259,33,F,Commercial,Eastvale,2024-01-01,2025-01-22,,False,P-0015
M-01260,75,F,Medicare Advantage,Lakemont,2025-04-19,,,True,P-0003
M-01261,42,M,Commercial,Rivergate,2024-01-01,,,False,P-0008
M-01262,81,F,Medicare Advantage,Pinecrest,2024-01-01,,,True,P-0008
M-01263,66,M,Medicare Advantage,Lakemont,2024-01-01,,,True,P-0003
M-01264,33,F,Commercial,Lakemont,2024-01-01,,,False,P-0008
M-01265,8,M,Medicaid,Pinecrest,2024-01-01,,,True,P-0010
M-01266,17,M,Commercial,Pinecrest,2024-01-01,,,False,P-0002
M-01267,47,M,Commercial,Fairhaven,2024-01-01,,,False,P-0005
M-01268,11,F,Medicaid,Lakemont,2024-01-01,,,True,P-0020
M-01269,54,M,Commercial,Rivergate,2024-01-01,,,False,P-0001
M-01270,18,F,Commercial,Stonebridge,2024-01-01,,,False,P-0004
M-01271,61,M,Commercial,Fairhaven,2024-01-01,,,False,P-0006
M-01272,3,M,Medicaid,Lakemont,2024-06-23,,,True,P-0008
M-01273,73,F,Medicare Advantage,Fairhaven,2024-01-01,,,True,P-0008
M-01274,13,M,Commercial,Pinecrest,2024-01-01,,,False,P-0027
M-01275,48,M,Commercial,Rivergate,2024-01-01,,,False,P-0004
M-01276,52,F,Medicaid,Fairhaven,2024-01-01,,,True,P-0029
M-01277,27,F,Commercial,Fairhaven,2024-01-01,,,False,P-0032
M-01278,72,F,Medicare Advantage,Stonebridge,2024-01-01,,,True,P-0004
M-01279,15,F,Commercial,Lakemont,2024-01-01,2025-03-25,,False,P-0031
M-01280,40,M,Commercial,Lakemont,2024-01-01,,,False,P-0016
M-01281,62,M,Medicaid,Pinecrest,2024-01-01,,,True,P-0008
M-01282,19,F,Commercial,Fairhaven,2024-01-01,,,False,P-0010
M-01283,42,M,Commercial,Lakemont,2024-01-01,,,False,P-0008
M-01284,35,F,Commercial,Fairhaven,2024-01-01,,,False,P-0044
M-01285,21,M,Commercial,Lakemont,2024-01-01,,,False,P-0008
M-01286,78,M,Medicare Advantage,Eastvale,2024-01-01,2025-01-23,,True,P-0015
M-01287,35,F,Commercial,Eastvale,2024-01-01,,,False,P-0030
M-01288,36,F,Commercial,Fairhaven,2024-01-01,,,False,P-0005
M-01289,63,F,Commercial,Pinecrest,2024-01-01,,,False,P-0040
M-01290,27,F,Medicaid,Fairhaven,2024-01-01,,,True,P-0006
M-01291,34,F,Medicaid,Fairhaven,2024-01-01,,,True,P-0005
M-01292,60,M,Commercial,Fairhaven,2024-01-01,,,False,P-0017
M-01293,57,F,Commercial,Eastvale,2024-01-01,,,False,P-0025
M-01294,40,M,Medicaid,Rivergate,2024-01-01,,,True,P-0001
M-01295,37,M,Medicaid,Stonebridge,2024-01-01,,,True,P-0013
M-01296,74,F,Medicaid,Fairhaven,2024-01-01,,,True,P-0044
M-01297,49,M,Medicaid,Lakemont,2024-01-01,,,True,P-0031
M-01298,28,F,Commercial,Pinecrest,2024-01-01,,,False,P-0002
M-01299,44,F,Commercial,Stonebridge,2024-01-01,,,False,P-0044
M-01300,64,F,Commercial,Pinecrest,2024-01-01,,,False,P-0018
M-01301,1,M,Commercial,Stonebridge,2024-01-01,,,False,P-0046
M-01302,54,M,Medicaid,Rivergate,2024-01-01,,,True,P-0007
M-01303,35,M,Commercial,Lakemont,2024-01-01,,,False,P-0013
M-01304,2,F,Medicaid,Lakemont,2024-01-01,,,True,P-0024
M-01305,24,F,Commercial,Fairhaven,2024-01-01,,,False,P-0025
M-01306,25,F,Commercial,Rivergate,2024-01-01,,,False,P-0007
M-01307,3,F,Commercial,Lakemont,2024-01-01,,,False,P-0020
M-01308,34,F,Commercial,Stonebridge,2024-01-01,,,False,P-0021
M-01309,14,F,Medicaid,Lakemont,2024-01-01,,,True,P-0013
M-01310,29,M,Medicaid,Fairhaven,2024-01-01,,,True,P-0037
M-01311,39,M,Medicaid,Eastvale,2024-01-01,,,True,P-0030
M-01312,87,M,Medicare Advantage,Fairhaven,2024-01-01,,,True,P-0006
M-01313,29,F,Medicaid,Lakemont,2024-01-01,,,True,P-0024
M-01314,9,F,Medicaid,Rivergate,2024-01-01,,,True,P-0001
M-01315,32,M,Commercial,Rivergate,2024-01-01,,,False,P-0033
M-01316,60,M,Commercial,Stonebridge,2024-01-01,,,False,P-0008
M-01317,76,M,Medicare Advantage,Rivergate,2024-01-01,,,True,P-0008
M-01318,42,M,Commercial,Eastvale,2024-01-01,,,False,P-0028
M-01319,71,M,Medicare Advantage,Stonebridge,2024-01-01,,,True,P-0004
M-01320,20,F,Commercial,Rivergate,2024-01-01,,,False,P-0002
M-01321,70,M,Medicare Advantage,Fairhaven,2024-01-01,,,True,P-0032
M-01322,74,M,Medicare Advantage,Pinecrest,2024-01-01,,,True,P-0002
M-01323,99,M,Medicare Advantage,Eastvale,2024-01-01,2024-12-06,,True,P-0008
M-01324,17,F,Medicaid,Pinecrest,2024-01-01,,,True,P-0015
M-01325,68,F,Medicare Advantage,Stonebridge,2024-01-01,,,True,P-0003
M-01326,68,M,Medicare Advantage,Lakemont,2024-01-01,,,True,P-0020
M-01327,33,F,Commercial,Lakemont,2024-01-01,,,False,P-0021
M-01328,59,F,Medicaid,Pinecrest,2024-01-01,,,True,P-0002
M-01329,20,M,Medicaid,Rivergate,2024-01-01,,,True,P-0001
M-01330,11,F,Commercial,Stonebridge,2024-01-01,,,False,P-0004
M-01331,63,M,Commercial,Eastvale,2024-06-22,,,False,P-0008
M-01332,13,M,Commercial,Lakemont,2024-01-01,,,False,P-0008
M-01333,26,F,Commercial,Pinecrest,2024-01-01,,,False,P-0002
M-01334,50,M,Commercial,Stonebridge,2024-01-01,,,False,P-0046
M-01335,24,F,Commercial,Eastvale,2024-01-01,,,False,P-0025
M-01336,71,M,Medicare Advantage,Stonebridge,2024-01-01,,,True,P-0004
M-01337,5,M,Commercial,Eastvale,2024-01-01,,,False,P-0012
M-01338,41,M,Commercial,Fairhaven,2024-01-01,,,False,P-0008
M-01339,54,F,Commercial,Fairhaven,2024-01-01,,,False,P-0008
M-01340,26,F,Commercial,Pinecrest,2024-01-01,,,False,P-0002
M-01341,21,F,Commercial,Stonebridge,2024-01-01,,,False,P-0008
M-01342,29,F,Medicaid,Fairhaven,2024-11-05,,,True,P-0044
M-01343,55,F,Commercial,Lakemont,2024-01-01,,,False,P-0019
M-01344,12,F,Medicaid,Fairhaven,2024-01-01,,,True,P-0006
M-01345,64,M,Medicaid,Lakemont,2024-01-01,,,True,P-0013
M-01346,13,M,Medicaid,Fairhaven,2025-04-20,,,True,P-0044
M-01347,0,F,Medicaid,Lakemont,2024-01-01,,,True,P-0008
M-01348,41,M,Commercial,Rivergate,2024-07-05,,,False,P-0002
M-01349,22,M,Commercial,Rivergate,2025-01-22,,,False,P-0001
M-01350,14,F,Medicaid,Eastvale,2024-02-02,,,True,P-0028
M-01351,30,F,Commercial,Stonebridge,2024-01-01,2025-04-16,,False,P-0018
M-01352,74,F,Medicare Advantage,Stonebridge,2024-01-01,,,True,P-0004
M-01353,14,F,Commercial,Fairhaven,2024-01-01,,,False,P-0037
M-01354,50,M,Medicaid,Pinecrest,2024-01-01,,,True,P-0003
M-01355,24,M,Commercial,Lakemont,2024-01-01,,,False,P-0008
M-01356,32,F,Commercial,Lakemont,2024-01-01,2024-06-05,,False,P-0018
M-01357,48,F,Commercial,Stonebridge,2024-01-01,,,False,P-0004
M-01358,29,M,Commercial,Stonebridge,2024-01-01,,,False,P-0046
M-01359,94,F,Medicare Advantage,Pinecrest,2024-01-01,,,True,P-0003
M-01360,10,M,Commercial,Stonebridge,2024-01-01,,,False,P-0022
M-01361,16,F,Commercial,Lakemont,2024-01-01,,,False,P-0031
M-01362,18,F,Commercial,Pinecrest,2024-04-05,,,False,P-0002
M-01363,42,F,Commercial,Pinecrest,2024-01-01,,,False,P-0008
M-01364,69,M,Medicare Advantage,Pinecrest,2024-01-01,,,True,P-0003
M-01365,2,M,Medicaid,Stonebridge,2024-01-01,,,True,P-0004
M-01366,90,F,Medicare Advantage,Lakemont,2024-01-01,,,True,P-0020
M-01367,56,M,Commercial,Lakemont,2024-01-01,,,False,P-0003
M-01368,56,F,Commercial,Fairhaven,2024-01-01,,,False,P-0044
M-01369,42,M,Commercial,Fairhaven,2024-01-01,,,False,P-0006
M-01370,71,F,Medicare Advantage,Lakemont,2024-01-01,,,True,P-0016
M-01371,58,F,Commercial,Stonebridge,2024-01-01,,,False,P-0033
M-01372,78,F,Medicaid,Rivergate,2024-01-01,,,True,P-0034
M-01373,50,M,Commercial,Lakemont,2024-01-01,,,False,P-0025
M-01374,67,F,Medicare Advantage,Lakemont,2024-01-01,,,True,P-0013
M-01375,59,F,Commercial,Pinecrest,2024-01-01,,,False,P-0008
M-01376,11,F,Medicaid,Pinecrest,2024-01-01,,,True,P-0040
M-01377,34,M,Commercial,Fairhaven,2024-01-01,2025-07-12,,False,P-0008
M-01378,78,M,Medicare Advantage,Rivergate,2024-01-01,,,True,P-0001
M-01379,42,F,Commercial,Eastvale,2024-01-01,,,False,P-0008
M-01380,26,F,Commercial,Eastvale,2024-01-01,,,False,P-0025
M-01381,64,F,Commercial,Stonebridge,2024-01-01,,,False,P-0008
M-01382,21,M,Medicaid,Pinecrest,2024-01-01,,,True,P-0043
M-01383,28,F,Commercial,Pinecrest,2024-01-01,,,False,P-0002
M-01384,22,M,Commercial,Stonebridge,2024-01-01,,,False,P-0008
M-01385,69,F,Medicare Advantage,Fairhaven,2024-01-01,,,True,P-0003
M-01386,51,M,Commercial,Lakemont,2024-01-01,,,False,P-0008
M-01387,20,M,Medicaid,Lakemont,2024-01-01,,,True,P-0008
M-01388,99,M,Medicare Advantage,Rivergate,2024-01-01,,,True,P-0003
M-01389,54,M,Commercial,Eastvale,2024-01-01,,,False,P-0027
M-01390,66,M,Medicare Advantage,Eastvale,2024-01-01,,,True,P-0029
M-01391,24,F,Medicaid,Pinecrest,2024-01-01,2025-03-31,,True,P-0046
M-01392,25,M,Commercial,Eastvale,2024-01-01,,,False,P-0038
M-01393,18,F,Medicaid,Eastvale,2024-01-01,,,True,P-0030
M-01394,7,M,Medicaid,Pinecrest,2024-01-01,,,True,P-0008
M-01395,32,F,Medicaid,Rivergate,2024-01-01,,,True,P-0008
M-01396,8,M,Commercial,Lakemont,2024-01-01,2025-07-08,,False,P-0024
M-01397,75,M,Medicare Advantage,Fairhaven,2024-01-01,,,True,P-0017
M-01398,52,F,Commercial,Lakemont,2024-01-01,,,False,P-0031
M-01399,64,M,Commercial,Fairhaven,2024-01-01,,,False,P-0006
M-01400,0,F,Medicaid,Pinecrest,2024-01-01,,,True,P-0008
M-01401,12,M,Commercial,Eastvale,2024-01-01,2024-07-11,,False,P-0008
M-01402,26,F,Medicaid,Stonebridge,2024-02-09,,,True,P-0004
M-01403,79,F,Medicare Advantage,Pinecrest,2024-01-01,,,True,P-0002
M-01404,53,F,Medicaid,Fairhaven,2024-01-01,,,True,P-0044
M-01405,29,M,Medicaid,Lakemont,2024-01-01,,,True,P-0024
M-01406,91,F,Medicare Advantage,Fairhaven,2024-01-01,,,True,P-0006
M-01407,39,M,Medicaid,Fairhaven,2024-01-01,,,True,P-0006
M-01408,53,M,Commercial,Fairhaven,2024-01-01,,,False,P-0008
M-01409,3,M,Medicaid,Rivergate,2024-04-18,,,True,P-0002
M-01410,0,M,Commercial,Rivergate,2024-01-01,,,False,P-0001
M-01411,68,M,Medicare Advantage,Fairhaven,2024-01-01,,,True,P-0003
M-01412,65,F,Medicare Advantage,Pinecrest,2024-01-01,,,True,P-0008
M-01413,73,F,Medicare Advantage,Rivergate,2025-01-06,,,True,P-0008
M-01414,41,M,Medicaid,Stonebridge,2024-01-01,,,True,P-0021
M-01415,68,M,Medicare Advantage,Eastvale,2024-01-01,,,True,P-0029
M-01416,53,F,Commercial,Fairhaven,2024-01-01,,,False,P-0043
M-01417,21,M,Commercial,Pinecrest,2024-01-01,,,False,P-0008
M-01418,9,M,Medicaid,Lakemont,2025-04-23,,,True,P-0031
M-01419,61,F,Commercial,Fairhaven,2024-01-01,,,False,P-0008
M-01420,50,M,Commercial,Lakemont,2024-01-01,,,False,P-0013
M-01421,32,F,Commercial,Stonebridge,2024-01-01,2024-12-21,,False,P-0021
M-01422,73,M,Medicare Advantage,Eastvale,2024-01-01,,,True,P-0008
M-01423,46,F,Commercial,Rivergate,2024-01-01,,,False,P-0046
M-01424,42,F,Commercial,Rivergate,2024-01-01,,,False,P-0007
M-01425,47,M,Commercial,Eastvale,2024-01-01,,,False,P-0015
M-01426,81,M,Medicare Advantage,Pinecrest,2024-01-01,,,True,P-0003
M-01427,64,F,Commercial,Fairhaven,2024-01-01,,,False,P-0044
M-01428,0,F,Commercial,Pinecrest,2024-01-01,,,False,P-0008
M-01429,4,M,Medicaid,Eastvale,2024-01-01,,,True,P-0023
M-01430,43,F,Medicaid,Eastvale,2024-07-14,,,True,P-0028
M-01431,67,M,Medicare Advantage,Eastvale,2024-01-01,,,True,P-0003
M-01432,31,M,Commercial,Pinecrest,2024-01-01,,,False,P-0008
M-01433,19,M,Commercial,Stonebridge,2024-01-01,,,False,P-0008
M-01434,40,F,Commercial,Rivergate,2024-01-01,2024-12-29,,False,P-0034
M-01435,55,F,Commercial,Pinecrest,2024-01-01,,,False,P-0001
M-01436,56,F,Commercial,Lakemont,2024-01-01,,,False,P-0013
M-01437,81,M,Medicare Advantage,Rivergate,2025-03-12,,,True,P-0004
M-01438,42,M,Commercial,Stonebridge,2024-01-01,,,False,P-0004
M-01439,20,F,Commercial,Pinecrest,2024-01-01,2024-08-31,,False,P-0008
M-01440,41,F,Commercial,Rivergate,2024-08-15,,,False,P-0045
M-01441,50,M,Commercial,Stonebridge,2025-03-10,,,False,P-0004
M-01442,50,M,Commercial,Eastvale,2024-01-01,,,False,P-0028
M-01443,15,F,Commercial,Eastvale,2024-01-01,,,False,P-0030
M-01444,90,M,Medicare Advantage,Pinecrest,2024-01-01,,,True,P-0003
M-01445,55,M,Medicaid,Fairhaven,2024-01-01,,,True,P-0032
M-01446,21,F,Commercial,Fairhaven,2024-07-13,,,False,P-0044
M-01447,54,F,Commercial,Fairhaven,2024-01-01,,,False,P-0008
M-01448,39,M,Medicaid,Rivergate,2024-01-01,2025-03-07,,True,P-0007
M-01449,11,M,Medicaid,Lakemont,2024-05-22,,,True,P-0016
M-01450,33,M,Commercial,Eastvale,2024-01-01,,,False,P-0029
M-01451,44,F,Commercial,Stonebridge,2024-01-01,,,False,P-0018
M-01452,54,M,Medicaid,Pinecrest,2024-01-01,,,True,P-0001
M-01453,17,F,Commercial,Rivergate,2024-11-09,,,False,P-0007
M-01454,8,M,Commercial,Fairhaven,2024-01-01,,,False,P-0006
M-01455,75,F,Medicare Advantage,Rivergate,2024-01-01,,,True,P-0017
M-01456,28,M,Commercial,Eastvale,2024-01-01,,,False,P-0028
M-01457,48,F,Commercial,Stonebridge,2024-01-01,,,False,P-0002
M-01458,55,F,Medicaid,Pinecrest,2024-01-01,,,True,P-0008
M-01459,77,F,Medicare Advantage,Pinecrest,2024-01-01,,2024-12-12,True,P-0026
M-01460,9,M,Commercial,Rivergate,2024-01-01,,,False,P-0002
M-01461,19,M,Medicaid,Lakemont,2024-01-01,,,True,P-0016
M-01462,35,F,Medicaid,Stonebridge,2024-01-01,,,True,P-0028
M-01463,36,M,Medicaid,Pinecrest,2024-03-31,,,True,P-0002
M-01464,41,F,Commercial,Lakemont,2024-01-01,,,False,P-0016
M-01465,66,M,Medicaid,Stonebridge,2024-01-01,,,True,P-0004
M-01466,21,F,Commercial,Lakemont,2024-01-01,,,False,P-0031
M-01467,45,M,Commercial,Pinecrest,2024-01-01,,,False,P-0008
M-01468,70,F,Medicare Advantage,Fairhaven,2024-01-01,,,True,P-0008
M-01469,3,F,Commercial,Fairhaven,2024-01-01,,,False,P-0006
M-01470,10,M,Medicaid,Lakemont,2024-01-01,,,True,P-0025
M-01471,28,M,Commercial,Pinecrest,2025-03-28,,,False,P-0002
M-01472,12,M,Commercial,Lakemont,2024-01-01,,,False,P-0041
M-01473,9,M,Commercial,Lakemont,2025-05-01,,,False,P-0002
M-01474,5,F,Medicaid,Lakemont,2024-01-01,,,True,P-0031
M-01475,41,F,Medicaid,Rivergate,2024-01-01,,,True,P-0008
M-01476,67,M,Medicare Advantage,Lakemont,2024-01-01,,,True,P-0003
M-01477,89,F,Medicare Advantage,Rivergate,2024-01-01,,,True,P-0007
M-01478,29,F,Medicaid,Lakemont,2024-01-01,,,True,P-0008
M-01479,46,F,Medicaid,Fairhaven,2024-01-01,,,True,P-0033
M-01480,23,M,Medicaid,Rivergate,2024-01-01,,,True,P-0007
M-01481,18,F,Medicaid,Rivergate,2024-01-01,2024-08-21,,True,P-0002
M-01482,83,F,Medicare Advantage,Pinecrest,2024-01-01,2025-02-17,,True,P-0008
M-01483,40,F,Medicaid,Eastvale,2024-01-01,,,True,P-0025
M-01484,23,M,Commercial,Pinecrest,2024-01-01,,,False,P-0026
M-01485,58,M,Commercial,Eastvale,2024-01-01,,,False,P-0025
M-01486,49,M,Commercial,Pinecrest,2024-01-01,,,False,P-0008
M-01487,41,M,Commercial,Rivergate,2024-01-01,,,False,P-0002
M-01488,56,F,Commercial,Fairhaven,2024-01-01,,,False,P-0008
M-01489,46,M,Commercial,Rivergate,2024-01-01,,,False,P-0007
M-01490,23,F,Commercial,Rivergate,2024-01-01,,,False,P-0007
M-01491,40,F,Commercial,Stonebridge,2024-01-01,2025-05-03,,False,P-0018
M-01492,76,F,Medicare Advantage,Pinecrest,2024-01-01,,,True,P-0008
M-01493,25,F,Commercial,Stonebridge,2024-01-01,,,False,P-0033
M-01494,62,M,Commercial,Stonebridge,2024-01-01,2025-06-11,,False,P-0010
M-01495,72,M,Medicare Advantage,Fairhaven,2024-01-01,,,True,P-0005
M-01496,22,F,Commercial,Pinecrest,2024-01-01,,,False,P-0008
M-01497,16,M,Medicaid,Pinecrest,2024-01-01,,,True,P-0002
M-01498,6,M,Commercial,Pinecrest,2025-01-04,,,False,P-0001
M-01499,77,M,Medicaid,Fairhaven,2024-01-01,,,True,P-0006
M-01500,18,F,Medicaid,Lakemont,2024-01-01,,,True,P-0008
M-01501,4,F,Medicaid,Eastvale,2024-01-01,,,True,P-0012
M-01502,21,M,Medicaid,Stonebridge,2024-01-01,,,True,P-0021
M-01503,2,M,Commercial,Fairhaven,2024-01-01,,,False,P-0006
M-01504,25,M,Commercial,Fairhaven,2024-07-21,,,False,P-0011
M-01505,48,M,Medicaid,Fairhaven,2024-01-01,,,True,P-0008
M-01506,7,F,Commercial,Eastvale,2024-01-01,,,False,P-0015
M-01507,55,M,Commercial,Lakemont,2024-01-01,,,False,P-0024
M-01508,21,F,Commercial,Eastvale,2024-11-26,,,False,P-0012
M-01509,79,M,Medicare Advantage,Fairhaven,2024-01-01,,,True,P-0006
M-01510,21,M,Commercial,Lakemont,2024-01-01,,,False,P-0010
M-01511,37,M,Medicaid,Fairhaven,2024-01-01,,,True,P-0032
M-01512,40,F,Commercial,Lakemont,2024-11-07,,,False,P-0045
M-01513,5,F,Commercial,Stonebridge,2024-01-01,2025-04-21,,False,P-0032
M-01514,69,F,Medicare Advantage,Lakemont,2024-01-01,2024-12-03,,True,P-0045
M-01515,73,M,Medicare Advantage,Lakemont,2024-01-01,,,True,P-0003
M-01516,3,F,Commercial,Pinecrest,2024-01-01,,,False,P-0008
M-01517,25,F,Commercial,Stonebridge,2024-01-01,,,False,P-0013
M-01518,61,M,Medicaid,Eastvale,2024-01-01,,,True,P-0031
M-01519,57,F,Medicaid,Lakemont,2024-01-01,,,True,P-0011
M-01520,46,F,Commercial,Rivergate,2024-01-01,,,False,P-0007
M-01521,43,F,Commercial,Fairhaven,2024-01-01,,,False,P-0016
M-01522,62,F,Commercial,Pinecrest,2024-01-01,,,False,P-0001
M-01523,18,F,Commercial,Fairhaven,2024-01-01,,,False,P-0008
M-01524,54,M,Medicaid,Stonebridge,2024-01-01,,,True,P-0013
M-01525,79,F,Medicare Advantage,Eastvale,2024-01-01,,,True,P-0015
M-01526,19,M,Commercial,Stonebridge,2024-01-01,,,False,P-0008
M-01527,80,F,Medicare Advantage,Rivergate,2025-01-07,,,True,P-0007
M-01528,77,M,Medicare Advantage,Pinecrest,2024-01-01,,,True,P-0003
M-01529,16,M,Commercial,Pinecrest,2024-01-01,,,False,P-0027
M-01530,87,F,Medicare Advantage,Eastvale,2024-01-01,,,True,P-0028
M-01531,28,M,Commercial,Eastvale,2024-01-01,,,False,P-0012
M-01532,57,F,Commercial,Lakemont,2024-01-01,,,False,P-0022
M-01533,7,F,Medicaid,Eastvale,2024-01-01,,,True,P-0029
M-01534,50,F,Commercial,Stonebridge,2025-01-15,,,False,P-0008
M-01535,16,M,Medicaid,Pinecrest,2024-01-01,,,True,P-0008
M-01536,48,M,Medicaid,Rivergate,2024-01-01,,,True,P-0007
M-01537,20,F,Commercial,Eastvale,2024-01-01,,,False,P-0022
M-01538,80,M,Medicare Advantage,Eastvale,2024-01-01,,,True,P-0006
M-01539,3,F,Medicaid,Fairhaven,2024-01-01,,,True,P-0007
M-01540,37,F,Commercial,Rivergate,2024-01-01,,,False,P-0006
M-01541,50,F,Medicaid,Stonebridge,2024-01-01,,,True,P-0018
M-01542,92,M,Medicaid,Lakemont,2024-01-01,,,True,P-0037
M-01543,13,M,Commercial,Fairhaven,2024-01-01,,,False,P-0006
M-01544,7,F,Medicaid,Eastvale,2024-01-01,,,True,P-0028
M-01545,61,F,Commercial,Stonebridge,2024-01-01,,,False,P-0004
M-01546,14,M,Commercial,Eastvale,2024-01-01,,,False,P-0025
M-01547,83,F,Medicare Advantage,Pinecrest,2024-01-01,,,True,P-0008
M-01548,34,M,Medicaid,Eastvale,2024-01-01,,,True,P-0030
M-01549,58,F,Commercial,Eastvale,2024-01-01,,,False,P-0030
M-01550,28,M,Commercial,Fairhaven,2024-01-01,,,False,P-0006
M-01551,57,F,Medicaid,Eastvale,2024-01-01,,,True,P-0035
M-01552,28,M,Medicaid,Pinecrest,2024-02-15,,,True,P-0030
M-01553,25,F,Commercial,Pinecrest,2024-01-01,,,False,P-0037
M-01554,53,F,Commercial,Rivergate,2024-01-01,,,False,P-0001
M-01555,12,F,Medicaid,Fairhaven,2024-01-01,,,True,P-0046
M-01556,9,M,Medicaid,Lakemont,2024-01-01,,,True,P-0022
M-01557,52,M,Medicaid,Pinecrest,2024-01-01,,,True,P-0026
M-01558,33,F,Medicaid,Rivergate,2024-01-01,,,True,P-0001
M-01559,34,M,Commercial,Pinecrest,2024-01-01,,,False,P-0001
M-01560,72,M,Medicare Advantage,Eastvale,2024-01-01,,,True,P-0008
M-01561,21,M,Commercial,Rivergate,2024-01-01,,,False,P-0007
M-01562,24,M,Commercial,Rivergate,2024-01-01,,,False,P-0025
M-01563,44,M,Commercial,Pinecrest,2024-01-01,2025-05-07,,False,P-0043
M-01564,50,M,Commercial,Pinecrest,2024-01-01,,,False,P-0002
M-01565,3,F,Medicaid,Pinecrest,2024-01-01,,,True,P-0001
M-01566,69,M,Medicare Advantage,Pinecrest,2024-01-01,,,True,P-0003
M-01567,56,M,Commercial,Stonebridge,2024-01-01,,,False,P-0004
M-01568,10,F,Commercial,Rivergate,2024-01-01,2025-01-18,,False,P-0008
M-01569,11,F,Commercial,Eastvale,2024-01-01,,,False,P-0025
M-01570,6,M,Commercial,Lakemont,2024-11-03,,,False,P-0016
M-01571,46,M,Medicaid,Lakemont,2024-01-01,,,True,P-0011
M-01572,42,F,Commercial,Rivergate,2024-01-01,,,False,P-0002
M-01573,9,F,Commercial,Pinecrest,2024-01-01,2025-05-25,,False,P-0026
M-01574,66,F,Medicaid,Eastvale,2024-01-01,,,True,P-0038
M-01575,45,M,Medicaid,Lakemont,2024-01-01,,,True,P-0036
M-01576,53,F,Medicaid,Fairhaven,2024-01-01,,,True,P-0044
M-01577,37,F,Commercial,Rivergate,2024-01-01,,,False,P-0044
M-01578,56,M,Commercial,Lakemont,2024-01-01,,,False,P-0025
M-01579,66,F,Medicare Advantage,Pinecrest,2024-01-01,,,True,P-0008
M-01580,85,M,Medicare Advantage,Eastvale,2024-01-01,,,True,P-0028
M-01581,30,F,Commercial,Lakemont,2024-11-07,,,False,P-0008
M-01582,74,M,Medicare Advantage,Fairhaven,2024-01-01,,,True,P-0032
M-01583,44,M,Commercial,Eastvale,2024-01-01,,,False,P-0018
M-01584,20,F,Commercial,Pinecrest,2025-02-27,,,False,P-0026
M-01585,50,F,Commercial,Pinecrest,2024-01-01,,,False,P-0002
M-01586,21,F,Medicaid,Eastvale,2024-01-01,,,True,P-0008
M-01587,14,F,Medicaid,Eastvale,2024-01-01,,,True,P-0038
M-01588,66,M,Medicare Advantage,Eastvale,2024-01-01,,,True,P-0008
M-01589,13,M,Commercial,Rivergate,2024-01-01,,,False,P-0015
M-01590,78,F,Medicare Advantage,Stonebridge,2024-01-01,,,True,P-0010
M-01591,3,F,Commercial,Rivergate,2024-01-01,,,False,P-0001
M-01592,76,M,Medicare Advantage,Lakemont,2024-01-01,,,True,P-0019
M-01593,9,M,Commercial,Lakemont,2024-01-01,,,False,P-0013
M-01594,56,F,Commercial,Eastvale,2024-01-01,,,False,P-0012
M-01595,4,F,Medicaid,Fairhaven,2024-01-01,,,True,P-0006
M-01596,67,F,Medicare Advantage,Eastvale,2024-01-01,,,True,P-0015
M-01597,58,F,Medicaid,Eastvale,2024-01-01,,,True,P-0038
M-01598,6,M,Medicaid,Lakemont,2024-01-01,,,True,P-0022
M-01599,44,M,Medicaid,Eastvale,2024-01-01,,,True,P-0023
M-01600,17,F,Medicaid,Rivergate,2024-01-01,,,True,P-0008
M-01601,92,F,Medicare Advantage,Pinecrest,2024-01-01,,,True,P-0040
M-01602,25,F,Commercial,Eastvale,2024-01-01,,,False,P-0012
M-01603,1,M,Commercial,Rivergate,2024-01-01,2025-03-16,,False,P-0034
M-01604,15,F,Commercial,Stonebridge,2024-01-01,,,False,P-0018
M-01605,60,M,Commercial,Eastvale,2024-01-01,,,False,P-0008
M-01606,4,M,Commercial,Pinecrest,2024-01-01,,,False,P-0008
M-01607,50,M,Commercial,Fairhaven,2024-01-01,,,False,P-0017
M-01608,6,F,Commercial,Stonebridge,2024-01-01,,,False,P-0008
M-01609,9,F,Commercial,Fairhaven,2024-01-01,,,False,P-0006
M-01610,40,F,Commercial,Pinecrest,2025-03-05,,,False,P-0027
M-01611,70,M,Medicare Advantage,Rivergate,2024-01-01,,,True,P-0007
M-01612,15,F,Commercial,Eastvale,2024-01-01,,,False,P-0028
M-01613,41,M,Medicaid,Rivergate,2024-01-01,2025-01-19,,True,P-0007
M-01614,53,F,Commercial,Lakemont,2024-01-01,,,False,P-0026
M-01615,32,M,Commercial,Rivergate,2024-01-01,,,False,P-0002
M-01616,13,F,Medicaid,Pinecrest,2024-01-01,,,True,P-0008
M-01617,77,M,Medicare Advantage,Stonebridge,2024-01-01,,,True,P-0013
M-01618,13,F,Medicaid,Rivergate,2024-01-01,,,True,P-0007
M-01619,35,F,Medicaid,Pinecrest,2024-01-01,,,True,P-0002
M-01620,48,M,Commercial,Lakemont,2025-04-15,,,False,P-0016
M-01621,35,M,Commercial,Pinecrest,2024-01-01,,,False,P-0032
M-01622,74,F,Medicare Advantage,Eastvale,2024-01-01,,,True,P-0003
M-01623,64,F,Commercial,Pinecrest,2024-01-01,,,False,P-0008
M-01624,79,F,Medicare Advantage,Pinecrest,2024-01-01,,,True,P-0041
M-01625,20,M,Commercial,Fairhaven,2024-11-17,,,False,P-0005
M-01626,47,M,Commercial,Lakemont,2024-01-01,,,False,P-0031
M-01627,37,F,Medicaid,Lakemont,2024-01-01,2025-02-21,,True,P-0008
M-01628,31,F,Commercial,Eastvale,2024-01-01,,,False,P-0012
M-01629,76,M,Medicare Advantage,Pinecrest,2024-01-01,,,True,P-0003
M-01630,45,M,Commercial,Rivergate,2024-01-01,,,False,P-0034
M-01631,7,F,Medicaid,Eastvale,2024-01-01,,,True,P-0008
M-01632,79,M,Medicare Advantage,Pinecrest,2024-01-01,,,True,P-0015
M-01633,14,M,Medicaid,Pinecrest,2025-02-12,,,True,P-0008
M-01634,27,F,Commercial,Fairhaven,2024-01-01,,,False,P-0017
M-01635,4,F,Commercial,Stonebridge,2024-01-01,,,False,P-0004
M-01636,25,F,Commercial,Rivergate,2024-02-19,,,False,P-0008
M-01637,36,M,Medicaid,Eastvale,2024-04-09,,,True,P-0002
M-01638,39,M,Commercial,Eastvale,2025-01-21,,,False,P-0015
M-01639,6,M,Commercial,Rivergate,2024-01-01,,,False,P-0007
M-01640,48,M,Medicaid,Eastvale,2024-01-01,,,True,P-0029
M-01641,58,F,Commercial,Pinecrest,2025-03-30,2025-06-24,,False,P-0027
M-01642,64,M,Medicaid,Rivergate,2024-01-01,,,True,P-0002
M-01643,67,F,Medicare Advantage,Fairhaven,2024-01-01,,,True,P-0033
M-01644,22,M,Medicaid,Stonebridge,2024-01-01,,,True,P-0008
M-01645,29,F,Commercial,Lakemont,2024-01-01,,,False,P-0008
M-01646,0,M,Commercial,Stonebridge,2024-01-01,,,False,P-0004
M-01647,6,M,Medicaid,Pinecrest,2024-01-01,2025-08-10,,True,P-0008
M-01648,0,M,Commercial,Fairhaven,2024-01-01,,,False,P-0006
M-01649,66,M,Medicaid,Lakemont,2024-01-01,,,True,P-0003
M-01650,48,M,Commercial,Pinecrest,2024-01-01,,,False,P-0008
M-01651,15,F,Commercial,Stonebridge,2024-03-02,,,False,P-0008
M-01652,22,F,Medicaid,Lakemont,2024-01-01,,,True,P-0008
M-01653,55,F,Medicaid,Rivergate,2024-01-01,2025-03-04,,True,P-0008
M-01654,33,F,Commercial,Pinecrest,2024-01-01,,,False,P-0008
M-01655,38,F,Commercial,Eastvale,2024-01-01,,,False,P-0035
M-01656,29,F,Commercial,Pinecrest,2024-01-01,,,False,P-0002
M-01657,74,M,Medicare Advantage,Lakemont,2024-01-01,,,True,P-0003
M-01658,77,M,Medicare Advantage,Pinecrest,2024-01-01,,,True,P-0003
M-01659,69,M,Medicare Advantage,Rivergate,2024-01-01,,,True,P-0002
M-01660,42,M,Commercial,Eastvale,2024-01-01,,,False,P-0012
M-01661,71,M,Medicare Advantage,Stonebridge,2024-01-01,,,True,P-0004
M-01662,29,M,Commercial,Eastvale,2024-02-03,,,False,P-0006
M-01663,70,F,Medicare Advantage,Fairhaven,2024-01-01,,2025-02-02,True,P-0003
M-01664,54,F,Commercial,Lakemont,2024-01-01,,,False,P-0013
M-01665,13,F,Commercial,Lakemont,2024-01-01,,,False,P-0016
M-01666,76,M,Medicare Advantage,Fairhaven,2024-05-23,,,True,P-0006
M-01667,70,M,Medicare Advantage,Fairhaven,2024-01-01,,,True,P-0006
M-01668,73,F,Medicare Advantage,Lakemont,2024-01-01,,,True,P-0031
M-01669,52,M,Commercial,Rivergate,2024-01-01,,,False,P-0007
M-01670,61,F,Medicaid,Pinecrest,2024-01-01,2024-05-06,,True,P-0008
M-01671,67,F,Medicare Advantage,Pinecrest,2024-01-01,,,True,P-0033
M-01672,40,M,Commercial,Lakemont,2024-01-01,2025-02-20,,False,P-0036
M-01673,58,F,Medicaid,Stonebridge,2024-01-01,,,True,P-0018
M-01674,14,F,Commercial,Eastvale,2024-01-01,,,False,P-0023
M-01675,4,M,Medicaid,Rivergate,2024-01-01,,,True,P-0008
M-01676,31,F,Commercial,Lakemont,2024-01-01,2025-01-14,,False,P-0004
M-01677,18,M,Commercial,Pinecrest,2024-01-01,,,False,P-0008
M-01678,48,M,Commercial,Stonebridge,2024-01-01,,,False,P-0004
M-01679,19,F,Commercial,Fairhaven,2024-01-01,2025-05-27,,False,P-0006
M-01680,23,M,Commercial,Eastvale,2024-01-01,,,False,P-0029
M-01681,14,F,Commercial,Stonebridge,2024-01-01,,,False,P-0004
M-01682,26,M,Commercial,Pinecrest,2024-01-01,,,False,P-0026
M-01683,5,M,Commercial,Pinecrest,2024-01-01,,,False,P-0002
M-01684,42,F,Commercial,Fairhaven,2024-01-01,2025-05-12,,False,P-0044
M-01685,5,M,Commercial,Rivergate,2024-01-01,,,False,P-0016
M-01686,77,M,Medicare Advantage,Rivergate,2024-01-01,,,True,P-0008
M-01687,33,F,Medicaid,Rivergate,2024-01-01,2025-03-01,,True,P-0008
M-01688,71,M,Medicare Advantage,Fairhaven,2024-01-01,,,True,P-0006
M-01689,66,F,Medicaid,Eastvale,2024-01-01,,,True,P-0030
M-01690,0,F,Commercial,Fairhaven,2025-03-14,,,False,P-0017
M-01691,68,M,Medicare Advantage,Pinecrest,2024-01-01,,,True,P-0002
M-01692,26,F,Medicaid,Eastvale,2024-01-01,,,True,P-0025
M-01693,19,F,Commercial,Rivergate,2024-02-07,,,False,P-0002
M-01694,27,M,Commercial,Eastvale,2024-01-01,,,False,P-0025
M-01695,55,M,Commercial,Stonebridge,2024-01-01,,,False,P-0004
M-01696,97,F,Medicare Advantage,Fairhaven,2024-01-01,,,True,P-0006
M-01697,19,M,Commercial,Rivergate,2024-01-01,2024-08-07,,False,P-0008
M-01698,7,F,Commercial,Eastvale,2024-01-01,,,False,P-0007
M-01699,2,M,Medicaid,Lakemont,2024-01-01,,,True,P-0022
M-01700,76,M,Medicare Advantage,Pinecrest,2024-01-01,,,True,P-0026
M-01701,88,M,Medicare Advantage,Eastvale,2024-01-01,,,True,P-0023
M-01702,55,F,Commercial,Stonebridge,2024-01-01,,,False,P-0046
M-01703,81,M,Medicaid,Rivergate,2024-01-01,,,True,P-0001
M-01704,59,F,Commercial,Pinecrest,2024-01-01,,,False,P-0021
M-01705,86,F,Medicare Advantage,Lakemont,2024-01-01,,,True,P-0013
M-01706,71,F,Medicare Advantage,Rivergate,2024-01-01,2025-04-25,,True,P-0007
M-01707,73,F,Medicaid,Stonebridge,2024-01-01,,,True,P-0031
M-01708,15,M,Commercial,Lakemont,2024-01-01,,,False,P-0008
M-01709,34,F,Commercial,Stonebridge,2024-01-01,,,False,P-0004
M-01710,78,M,Medicare Advantage,Fairhaven,2024-01-01,,,True,P-0003
M-01711,7,M,Commercial,Rivergate,2024-01-01,,,False,P-0002
M-01712,6,F,Medicaid,Fairhaven,2024-01-01,,,True,P-0044
M-01713,30,F,Commercial,Fairhaven,2024-01-01,,,False,P-0006
M-01714,49,M,Commercial,Rivergate,2024-01-01,,,False,P-0034
M-01715,77,F,Medicare Advantage,Fairhaven,2024-01-01,,,True,P-0003
M-01716,99,F,Medicare Advantage,Eastvale,2024-01-01,,,True,P-0025
M-01717,19,F,Commercial,Lakemont,2024-01-01,,,False,P-0021
M-01718,52,M,Commercial,Pinecrest,2024-01-01,,,False,P-0034
M-01719,77,F,Medicare Advantage,Stonebridge,2024-01-01,,,True,P-0004
M-01720,28,F,Medicaid,Pinecrest,2024-01-01,,,True,P-0002
M-01721,9,M,Commercial,Pinecrest,2024-01-01,,,False,P-0001
M-01722,21,M,Commercial,Fairhaven,2024-01-01,,,False,P-0006
M-01723,33,M,Commercial,Stonebridge,2024-01-01,,,False,P-0046
M-01724,26,M,Commercial,Eastvale,2024-01-01,,,False,P-0008
M-01725,55,F,Commercial,Fairhaven,2024-01-01,,,False,P-0044
M-01726,58,M,Medicaid,Fairhaven,2024-01-01,,,True,P-0006
M-01727,4,M,Medicaid,Fairhaven,2024-01-01,,,True,P-0009
M-01728,77,F,Medicare Advantage,Pinecrest,2024-01-01,,,True,P-0013
M-01729,59,M,Commercial,Rivergate,2024-01-01,2024-07-06,,False,P-0007
M-01730,61,F,Commercial,Lakemont,2024-01-01,,,False,P-0045
M-01731,6,F,Commercial,Eastvale,2024-01-01,,,False,P-0025
M-01732,73,M,Medicaid,Eastvale,2024-01-01,,,True,P-0038
M-01733,70,F,Medicare Advantage,Fairhaven,2024-01-01,,,True,P-0044
M-01734,86,M,Medicare Advantage,Lakemont,2024-01-01,,,True,P-0045
M-01735,14,M,Medicaid,Pinecrest,2024-01-01,,,True,P-0008
M-01736,69,F,Medicare Advantage,Fairhaven,2024-01-01,,,True,P-0006
M-01737,79,F,Medicare Advantage,Lakemont,2024-01-01,2025-07-10,,True,P-0003
M-01738,55,F,Commercial,Fairhaven,2024-01-01,,,False,P-0017
M-01739,4,F,Commercial,Pinecrest,2024-01-01,2024-09-09,,False,P-0008
M-01740,59,F,Commercial,Lakemont,2024-01-01,,,False,P-0011
M-01741,36,M,Commercial,Fairhaven,2024-01-01,,,False,P-0038
M-01742,33,M,Commercial,Eastvale,2024-01-01,2024-11-01,,False,P-0015
M-01743,51,F,Medicaid,Rivergate,2024-01-01,,,True,P-0002
M-01744,70,F,Medicare Advantage,Lakemont,2024-01-01,,,True,P-0010
M-01745,59,F,Commercial,Pinecrest,2024-01-01,,,False,P-0005
M-01746,8,F,Commercial,Fairhaven,2024-01-01,2025-01-26,,False,P-0037
M-01747,20,M,Medicaid,Fairhaven,2024-01-01,,,True,P-0030
M-01748,99,F,Medicare Advantage,Stonebridge,2024-01-01,2025-04-17,,True,P-0003
M-01749,5,F,Commercial,Fairhaven,2024-01-01,,,False,P-0017
M-01750,43,M,Commercial,Pinecrest,2024-03-10,,,False,P-0043
M-01751,26,M,Commercial,Rivergate,2024-01-01,,,False,P-0001
M-01752,35,F,Commercial,Stonebridge,2024-01-01,2024-05-29,,False,P-0018
M-01753,54,F,Commercial,Rivergate,2024-01-01,2024-09-16,,False,P-0008
M-01754,40,M,Commercial,Stonebridge,2024-01-01,2024-11-12,,False,P-0004
M-01755,66,F,Medicare Advantage,Stonebridge,2024-01-01,,,True,P-0008
M-01756,85,M,Medicare Advantage,Stonebridge,2024-01-01,,,True,P-0044
M-01757,64,M,Commercial,Eastvale,2024-01-01,,,False,P-0012
M-01758,35,F,Commercial,Rivergate,2024-01-01,,,False,P-0042
M-01759,28,F,Commercial,Lakemont,2024-01-01,,,False,P-0033
M-01760,76,M,Medicare Advantage,Eastvale,2024-01-01,,,True,P-0022
M-01761,39,M,Commercial,Pinecrest,2024-01-01,,,False,P-0033
M-01762,9,F,Commercial,Eastvale,2024-01-01,,,False,P-0039
M-01763,27,F,Medicaid,Rivergate,2024-01-01,,,True,P-0007
M-01764,43,M,Commercial,Rivergate,2024-07-05,,,False,P-0007
M-01765,58,M,Commercial,Pinecrest,2024-01-01,,,False,P-0039
M-01766,0,F,Commercial,Eastvale,2024-01-01,,,False,P-0038
M-01767,57,F,Medicaid,Stonebridge,2024-01-01,,,True,P-0004
M-01768,80,F,Medicaid,Stonebridge,2024-01-01,,,True,P-0004
M-01769,43,F,Commercial,Rivergate,2024-01-01,,,False,P-0002
M-01770,33,M,Commercial,Rivergate,2024-01-01,,,False,P-0001
M-01771,77,M,Medicare Advantage,Eastvale,2024-01-01,,,True,P-0025
M-01772,8,F,Commercial,Fairhaven,2024-01-01,,,False,P-0005
M-01773,72,F,Medicare Advantage,Rivergate,2024-01-01,2024-12-14,,True,P-0020
M-01774,35,F,Commercial,Lakemont,2024-01-01,,,False,P-0008
M-01775,67,F,Medicare Advantage,Stonebridge,2024-01-01,2024-12-13,,True,P-0046
M-01776,15,M,Medicaid,Fairhaven,2024-01-01,,,True,P-0005
M-01777,8,M,Medicaid,Rivergate,2024-01-01,,,True,P-0007
M-01778,92,F,Medicaid,Fairhaven,2024-01-01,,,True,P-0006
M-01779,72,F,Medicare Advantage,Stonebridge,2024-01-01,,2025-04-01,True,P-0003
M-01780,62,F,Medicaid,Stonebridge,2024-01-01,,,True,P-0008
M-01781,29,F,Commercial,Lakemont,2024-03-17,,,False,P-0008
M-01782,37,M,Commercial,Rivergate,2024-01-01,,,False,P-0007
M-01783,78,F,Medicare Advantage,Eastvale,2024-01-01,,,True,P-0001
M-01784,28,M,Medicaid,Fairhaven,2024-01-01,,,True,P-0006
M-01785,62,M,Commercial,Fairhaven,2024-01-01,2025-06-13,,False,P-0006
M-01786,1,F,Commercial,Fairhaven,2024-01-01,,,False,P-0034
M-01787,15,F,Commercial,Lakemont,2024-01-01,,,False,P-0045
M-01788,38,F,Commercial,Eastvale,2024-11-11,,,False,P-0025
M-01789,36,F,Medicaid,Rivergate,2024-01-01,,,True,P-0013
M-01790,83,M,Medicare Advantage,Pinecrest,2024-01-01,,,True,P-0046
M-01791,57,M,Commercial,Lakemont,2025-01-23,,,False,P-0013
M-01792,34,F,Medicaid,Fairhaven,2024-01-01,2025-01-29,,True,P-0006
M-01793,5,M,Commercial,Lakemont,2024-01-01,,,False,P-0026
M-01794,68,M,Medicare Advantage,Eastvale,2024-01-01,,,True,P-0002
M-01795,61,M,Medicaid,Pinecrest,2024-01-01,,,True,P-0001
M-01796,85,M,Medicare Advantage,Lakemont,2024-07-08,,,True,P-0003
M-01797,76,F,Medicare Advantage,Pinecrest,2024-01-01,,,True,P-0001
M-01798,2,M,Commercial,Lakemont,2024-01-01,,,False,P-0036
M-01799,46,F,Commercial,Fairhaven,2024-01-01,,,False,P-0006
M-01800,72,M,Medicare Advantage,Lakemont,2024-01-01,,,True,P-0003
M-01801,71,F,Medicare Advantage,Lakemont,2024-01-01,,,True,P-0031
M-01802,3,F,Medicaid,Rivergate,2024-12-07,,,True,P-0002
M-01803,2,F,Commercial,Stonebridge,2024-01-01,,,False,P-0034
M-01804,19,F,Commercial,Pinecrest,2024-01-01,,,False,P-0018
M-01805,38,M,Commercial,Lakemont,2024-01-01,,,False,P-0016
M-01806,0,M,Commercial,Pinecrest,2024-01-01,,,False,P-0008
M-01807,33,M,Commercial,Lakemont,2024-01-01,,,False,P-0019
M-01808,80,M,Medicare Advantage,Rivergate,2024-01-01,,,True,P-0007
M-01809,6,F,Commercial,Lakemont,2024-01-01,,,False,P-0013
M-01810,31,F,Commercial,Fairhaven,2024-01-01,,,False,P-0017
M-01811,30,M,Medicaid,Stonebridge,2024-01-01,,,True,P-0004
M-01812,50,M,Commercial,Lakemont,2024-01-01,,,False,P-0031
M-01813,19,F,Medicaid,Eastvale,2025-01-04,,,True,P-0008
M-01814,38,M,Commercial,Stonebridge,2024-01-01,,,False,P-0033
M-01815,41,F,Medicaid,Stonebridge,2024-01-01,,,True,P-0004
M-01816,33,M,Medicaid,Pinecrest,2024-01-01,,,True,P-0008
M-01817,75,M,Medicare Advantage,Fairhaven,2024-01-01,,,True,P-0006
M-01818,86,F,Medicare Advantage,Lakemont,2024-01-01,2025-07-30,,True,P-0035
M-01819,42,F,Commercial,Pinecrest,2024-01-01,,,False,P-0008
M-01820,47,F,Commercial,Fairhaven,2024-01-01,,,False,P-0033
M-01821,34,F,Commercial,Stonebridge,2024-01-01,,,False,P-0018
M-01822,14,F,Medicaid,Lakemont,2024-01-01,2025-04-25,,True,P-0024
M-01823,60,F,Commercial,Fairhaven,2024-01-01,,,False,P-0006
M-01824,26,F,Commercial,Stonebridge,2024-01-01,,,False,P-0021
M-01825,21,F,Commercial,Fairhaven,2024-01-01,,,False,P-0010
M-01826,88,F,Medicare Advantage,Lakemont,2024-01-01,,2025-02-23,True,P-0003
M-01827,29,M,Commercial,Eastvale,2024-01-01,,,False,P-0039
M-01828,10,M,Commercial,Stonebridge,2024-01-01,,,False,P-0046
M-01829,34,F,Medicaid,Lakemont,2024-01-01,,,True,P-0019
M-01830,49,F,Commercial,Eastvale,2024-01-01,,,False,P-0029
M-01831,38,F,Commercial,Eastvale,2024-01-01,,,False,P-0008
M-01832,62,F,Medicaid,Pinecrest,2024-01-01,,,True,P-0017
M-01833,99,F,Medicare Advantage,Pinecrest,2024-01-01,,,True,P-0026
M-01834,48,M,Medicaid,Stonebridge,2024-01-01,,,True,P-0024
M-01835,87,F,Medicare Advantage,Rivergate,2024-01-01,,,True,P-0007
M-01836,35,F,Commercial,Fairhaven,2024-01-01,,,False,P-0005
M-01837,81,F,Medicare Advantage,Fairhaven,2024-01-01,,2025-03-12,True,P-0006
M-01838,9,M,Medicaid,Rivergate,2024-01-01,,,True,P-0035
M-01839,44,M,Commercial,Pinecrest,2024-12-21,,,False,P-0008
M-01840,30,M,Commercial,Eastvale,2024-01-01,,,False,P-0035
M-01841,31,M,Commercial,Pinecrest,2024-01-01,,,False,P-0034
M-01842,44,M,Commercial,Lakemont,2024-01-01,,,False,P-0011
M-01843,41,M,Commercial,Fairhaven,2024-01-01,,,False,P-0006
M-01844,42,F,Commercial,Pinecrest,2024-01-01,,,False,P-0001
M-01845,52,F,Commercial,Lakemont,2025-04-16,,,False,P-0016
M-01846,19,M,Medicaid,Fairhaven,2024-01-01,,,True,P-0006
M-01847,64,F,Commercial,Lakemont,2024-10-16,,,False,P-0008
M-01848,40,F,Commercial,Fairhaven,2024-01-01,,,False,P-0008
M-01849,21,M,Commercial,Rivergate,2024-01-01,,,False,P-0007
M-01850,85,F,Medicare Advantage,Stonebridge,2024-01-01,,,True,P-0008
M-01851,8,F,Commercial,Lakemont,2024-01-01,,,False,P-0008
M-01852,17,M,Medicaid,Eastvale,2024-01-01,,,True,P-0019
M-01853,48,F,Medicaid,Lakemont,2024-01-01,,,True,P-0013
M-01854,70,F,Medicare Advantage,Rivergate,2024-01-01,,,True,P-0008
M-01855,29,M,Medicaid,Eastvale,2024-09-16,,,True,P-0012
M-01856,70,F,Medicare Advantage,Stonebridge,2025-01-03,,,True,P-0046
M-01857,44,F,Commercial,Rivergate,2024-01-01,,,False,P-0029
M-01858,48,M,Commercial,Fairhaven,2024-01-01,,,False,P-0006
M-01859,71,M,Medicare Advantage,Stonebridge,2024-01-01,,,True,P-0008
M-01860,24,F,Commercial,Eastvale,2024-01-01,,,False,P-0025
M-01861,75,F,Medicare Advantage,Fairhaven,2024-01-01,,,True,P-0006
M-01862,22,F,Medicaid,Stonebridge,2024-01-01,,,True,P-0013
M-01863,47,M,Commercial,Pinecrest,2024-03-15,,,False,P-0012
M-01864,28,M,Commercial,Stonebridge,2024-01-01,,,False,P-0032
M-01865,44,F,Commercial,Pinecrest,2024-01-01,,,False,P-0025
M-01866,28,F,Commercial,Lakemont,2024-08-07,,,False,P-0034
M-01867,31,M,Medicaid,Lakemont,2024-05-17,,,True,P-0008
M-01868,29,F,Commercial,Stonebridge,2024-01-01,,,False,P-0013
M-01869,55,F,Commercial,Pinecrest,2024-01-01,,,False,P-0002
M-01870,36,M,Commercial,Stonebridge,2024-01-01,2025-07-18,,False,P-0046
M-01871,64,M,Medicaid,Pinecrest,2024-01-01,2025-02-21,,True,P-0008
M-01872,67,F,Medicare Advantage,Eastvale,2025-04-02,,,True,P-0029
M-01873,42,M,Commercial,Eastvale,2024-01-01,,,False,P-0030
M-01874,46,F,Commercial,Fairhaven,2024-01-01,,,False,P-0010
M-01875,63,F,Medicaid,Pinecrest,2024-01-01,,,True,P-0044
M-01876,74,M,Medicare Advantage,Fairhaven,2024-01-01,,,True,P-0006
M-01877,13,F,Commercial,Eastvale,2024-01-01,,,False,P-0015
M-01878,64,F,Medicaid,Eastvale,2024-09-16,,,True,P-0012
M-01879,38,F,Medicaid,Eastvale,2024-01-01,,,True,P-0029
M-01880,35,M,Commercial,Rivergate,2024-01-01,,,False,P-0017
M-01881,35,M,Medicaid,Rivergate,2024-01-01,,,True,P-0026
M-01882,16,M,Commercial,Fairhaven,2024-01-01,,,False,P-0006
M-01883,56,F,Medicaid,Pinecrest,2025-02-04,2025-04-20,,True,P-0043
M-01884,6,M,Commercial,Lakemont,2024-01-01,,,False,P-0031
M-01885,54,M,Commercial,Lakemont,2024-01-01,,,False,P-0013
M-01886,1,F,Commercial,Fairhaven,2024-01-01,,,False,P-0037
M-01887,64,F,Commercial,Fairhaven,2024-01-01,,,False,P-0008
M-01888,50,F,Medicaid,Pinecrest,2024-01-01,,,True,P-0043
M-01889,32,M,Medicaid,Fairhaven,2024-01-01,,,True,P-0023
M-01890,43,M,Commercial,Lakemont,2024-01-01,,,False,P-0002
M-01891,30,M,Medicaid,Stonebridge,2024-01-01,,,True,P-0046
M-01892,67,M,Medicaid,Fairhaven,2024-01-01,,,True,P-0011
M-01893,27,M,Commercial,Pinecrest,2024-01-01,,,False,P-0036
M-01894,8,F,Medicaid,Rivergate,2024-01-01,,,True,P-0026
M-01895,9,F,Medicaid,Stonebridge,2024-01-01,,,True,P-0004
M-01896,43,F,Commercial,Pinecrest,2024-01-01,,,False,P-0027
M-01897,81,M,Medicare Advantage,Pinecrest,2024-01-01,,,True,P-0002
M-01898,20,F,Medicaid,Lakemont,2024-01-01,,,True,P-0034
M-01899,68,M,Medicare Advantage,Eastvale,2024-03-25,,,True,P-0008
M-01900,82,F,Medicare Advantage,Eastvale,2024-01-01,,,True,P-0021
M-01901,56,F,Commercial,Fairhaven,2024-01-01,,,False,P-0026
M-01902,31,F,Commercial,Pinecrest,2024-01-01,2025-01-20,,False,P-0008
M-01903,37,M,Commercial,Eastvale,2024-12-22,,,False,P-0023
M-01904,24,M,Commercial,Fairhaven,2024-01-01,,,False,P-0008
M-01905,19,M,Commercial,Rivergate,2024-01-01,2025-06-01,,False,P-0010
M-01906,82,M,Medicare Advantage,Pinecrest,2024-01-01,,,True,P-0003
M-01907,20,F,Commercial,Rivergate,2024-01-01,,,False,P-0008
M-01908,43,F,Commercial,Pinecrest,2024-01-01,,,False,P-0008
M-01909,60,F,Medicaid,Fairhaven,2024-01-01,2024-09-03,,True,P-0008
M-01910,15,F,Commercial,Stonebridge,2024-01-01,,,False,P-0021
M-01911,6,F,Commercial,Rivergate,2024-01-01,,,False,P-0008
M-01912,67,F,Medicare Advantage,Stonebridge,2024-01-01,,,True,P-0004
M-01913,44,M,Commercial,Stonebridge,2024-01-01,,,False,P-0008
M-01914,16,F,Commercial,Eastvale,2024-01-01,,,False,P-0030
M-01915,17,M,Medicaid,Pinecrest,2024-01-01,,,True,P-0008
M-01916,54,F,Commercial,Eastvale,2024-01-01,,,False,P-0012
M-01917,39,F,Commercial,Stonebridge,2025-03-02,,,False,P-0035
M-01918,22,M,Commercial,Pinecrest,2024-01-01,,,False,P-0008
M-01919,50,F,Medicaid,Pinecrest,2025-01-05,,,True,P-0033
M-01920,63,F,Medicaid,Fairhaven,2024-01-01,,,True,P-0016
M-01921,44,F,Commercial,Fairhaven,2024-01-01,2025-06-18,,False,P-0017
M-01922,64,F,Commercial,Stonebridge,2024-01-01,,,False,P-0019
M-01923,13,F,Commercial,Lakemont,2024-01-01,,,False,P-0008
M-01924,44,M,Commercial,Lakemont,2024-01-01,,,False,P-0008
M-01925,82,F,Medicare Advantage,Stonebridge,2024-01-01,,,True,P-0004
M-01926,16,M,Commercial,Fairhaven,2024-01-01,2024-11-15,,False,P-0006
M-01927,73,F,Medicare Advantage,Pinecrest,2024-01-01,,,True,P-0003
M-01928,72,M,Medicare Advantage,Eastvale,2024-01-01,,,True,P-0030
M-01929,67,F,Medicare Advantage,Pinecrest,2024-10-11,,,True,P-0008
M-01930,63,M,Commercial,Lakemont,2024-01-01,,,False,P-0036
M-01931,50,M,Commercial,Pinecrest,2024-01-01,,,False,P-0026
M-01932,70,F,Medicare Advantage,Eastvale,2024-01-01,,,True,P-0025
M-01933,69,F,Medicare Advantage,Pinecrest,2024-01-01,,,True,P-0008
M-01934,7,F,Medicaid,Rivergate,2024-01-01,,,True,P-0002
M-01935,75,F,Medicare Advantage,Fairhaven,2024-01-01,,,True,P-0008
M-01936,28,F,Commercial,Rivergate,2024-01-01,2025-02-10,,False,P-0044
M-01937,76,F,Medicare Advantage,Eastvale,2024-10-17,,,True,P-0025
M-01938,20,M,Commercial,Fairhaven,2024-05-18,,,False,P-0008
M-01939,79,F,Medicare Advantage,Eastvale,2024-01-01,,,True,P-0003
M-01940,23,M,Medicaid,Pinecrest,2025-01-26,,,True,P-0023
M-01941,50,M,Medicaid,Fairhaven,2024-01-01,,,True,P-0008
M-01942,45,F,Commercial,Stonebridge,2024-01-01,,,False,P-0008
M-01943,40,M,Commercial,Lakemont,2024-01-01,,,False,P-0016
M-01944,10,M,Medicaid,Lakemont,2024-01-01,,,True,P-0030
M-01945,43,F,Commercial,Rivergate,2024-01-01,,,False,P-0010
M-01946,83,M,Medicare Advantage,Rivergate,2024-11-05,,,True,P-0003
M-01947,57,F,Commercial,Rivergate,2024-01-01,,,False,P-0002
M-01948,20,M,Commercial,Fairhaven,2024-01-01,,,False,P-0044
M-01949,42,F,Commercial,Pinecrest,2024-01-01,,,False,P-0008
M-01950,28,F,Commercial,Fairhaven,2024-01-01,,,False,P-0033
M-01951,73,F,Medicare Advantage,Fairhaven,2024-01-01,,,True,P-0033
M-01952,59,F,Medicaid,Rivergate,2024-01-01,,,True,P-0008
M-01953,71,M,Medicare Advantage,Pinecrest,2024-01-01,,,True,P-0003
M-01954,60,F,Commercial,Pinecrest,2024-01-01,,,False,P-0008
M-01955,2,M,Commercial,Rivergate,2024-01-01,,,False,P-0001
M-01956,54,M,Commercial,Fairhaven,2024-01-01,,,False,P-0006
M-01957,36,F,Commercial,Lakemont,2024-01-01,,,False,P-0023
M-01958,39,M,Commercial,Eastvale,2024-01-01,,,False,P-0029
M-01959,49,F,Medicaid,Eastvale,2024-01-01,,,True,P-0030
M-01960,44,M,Commercial,Eastvale,2024-01-01,,,False,P-0008
M-01961,50,M,Commercial,Fairhaven,2024-01-01,2024-08-06,,False,P-0004
M-01962,40,M,Commercial,Stonebridge,2024-01-01,,,False,P-0019
M-01963,4,M,Medicaid,Lakemont,2024-05-10,,,True,P-0016
M-01964,15,M,Commercial,Lakemont,2024-01-01,,,False,P-0024
M-01965,2,F,Commercial,Stonebridge,2024-01-01,,,False,P-0008
M-01966,15,F,Medicaid,Lakemont,2024-01-01,,,True,P-0016
M-01967,78,F,Medicare Advantage,Eastvale,2024-01-01,,,True,P-0003
M-01968,15,M,Commercial,Pinecrest,2024-01-01,,,False,P-0008
M-01969,76,F,Medicare Advantage,Lakemont,2024-01-01,,,True,P-0017
M-01970,66,F,Medicare Advantage,Lakemont,2024-01-01,,,True,P-0016
M-01971,44,F,Commercial,Pinecrest,2024-05-01,,,False,P-0002
M-01972,12,M,Medicaid,Pinecrest,2024-01-01,,,True,P-0026
M-01973,17,F,Medicaid,Stonebridge,2024-01-01,,,True,P-0013
M-01974,65,F,Medicare Advantage,Rivergate,2024-03-10,,,True,P-0002
M-01975,27,F,Commercial,Fairhaven,2024-01-01,,,False,P-0017
M-01976,54,M,Commercial,Lakemont,2024-01-01,,,False,P-0016
M-01977,12,F,Commercial,Fairhaven,2024-01-01,,,False,P-0006
M-01978,24,M,Commercial,Rivergate,2024-01-01,,,False,P-0007
M-01979,69,F,Medicare Advantage,Fairhaven,2024-01-01,,,True,P-0006
M-01980,18,F,Commercial,Lakemont,2024-01-01,2024-08-22,,False,P-0045
M-01981,21,F,Commercial,Eastvale,2024-11-05,,,False,P-0001
M-01982,24,M,Commercial,Fairhaven,2024-01-01,,,False,P-0044
M-01983,85,F,Medicare Advantage,Fairhaven,2024-01-01,,,True,P-0010
M-01984,97,M,Medicare Advantage,Stonebridge,2024-01-01,,,True,P-0004
M-01985,63,M,Commercial,Rivergate,2024-01-01,,,False,P-0002
M-01986,21,F,Commercial,Eastvale,2024-01-01,,,False,P-0035
M-01987,54,M,Commercial,Lakemont,2024-10-10,,,False,P-0022
M-01988,19,M,Medicaid,Eastvale,2024-01-01,2024-10-06,,True,P-0008
M-01989,10,F,Medicaid,Stonebridge,2024-01-01,,,True,P-0016
M-01990,33,F,Commercial,Stonebridge,2024-01-01,2024-05-08,,False,P-0004
M-01991,63,F,Medicaid,Pinecrest,2024-01-01,,,True,P-0008
M-01992,0,M,Commercial,Eastvale,2024-01-01,2025-05-28,,False,P-0012
M-01993,58,M,Commercial,Fairhaven,2024-06-08,,,False,P-0032
M-01994,28,M,Commercial,Lakemont,2024-01-01,,,False,P-0016
M-01995,60,F,Commercial,Lakemont,2024-01-01,,,False,P-0008
M-01996,59,M,Commercial,Fairhaven,2024-01-01,,,False,P-0008
M-01997,26,F,Commercial,Rivergate,2024-01-01,,,False,P-0007
M-01998,15,F,Commercial,Pinecrest,2024-01-01,,,False,P-0002
M-01999,23,F,Commercial,Rivergate,2024-01-01,,,False,P-0013
M-02000,54,M,Commercial,Stonebridge,2024-01-01,,,False,P-0046
M-02001,20,F,Commercial,Lakemont,2024-01-01,,,False,P-0008
M-02002,51,M,Commercial,Eastvale,2024-01-01,,,False,P-0030
M-02003,60,M,Commercial,Eastvale,2024-01-01,,,False,P-0012
M-02004,67,F,Medicare Advantage,Stonebridge,2024-03-12,,,True,P-0008
M-02005,39,M,Commercial,Fairhaven,2024-01-01,,,False,P-0006
M-02006,36,F,Commercial,Stonebridge,2024-01-01,,,False,P-0004
M-02007,40,M,Commercial,Lakemont,2024-01-01,,,False,P-0026
M-02008,7,F,Commercial,Fairhaven,2024-01-01,,,False,P-0032
M-02009,71,F,Medicaid,Lakemont,2024-01-01,,,True,P-0045
M-02010,49,F,Commercial,Pinecrest,2024-01-01,,,False,P-0008
M-02011,14,M,Medicaid,Rivergate,2024-01-01,2025-04-21,,True,P-0034
M-02012,33,F,Commercial,Fairhaven,2024-01-01,,,False,P-0033
M-02013,43,F,Commercial,Fairhaven,2024-01-01,2024-12-31,,False,P-0034
M-02014,63,M,Commercial,Rivergate,2024-01-01,,,False,P-0008
M-02015,31,M,Commercial,Eastvale,2024-01-01,,,False,P-0012
M-02016,54,M,Commercial,Pinecrest,2025-04-10,,,False,P-0008
M-02017,21,M,Commercial,Eastvale,2024-01-01,,,False,P-0030
M-02018,44,F,Commercial,Pinecrest,2024-01-01,,,False,P-0002
M-02019,46,M,Commercial,Rivergate,2024-07-30,,,False,P-0008
M-02020,42,M,Commercial,Pinecrest,2024-01-01,,,False,P-0008
M-02021,67,M,Medicare Advantage,Eastvale,2024-01-01,,,True,P-0008
M-02022,21,M,Commercial,Eastvale,2024-01-01,,,False,P-0025
M-02023,76,M,Medicare Advantage,Stonebridge,2024-01-01,,,True,P-0008
M-02024,76,M,Medicare Advantage,Rivergate,2025-04-06,,,True,P-0003
M-02025,82,M,Medicare Advantage,Stonebridge,2024-01-01,,2025-03-10,True,P-0008
M-02026,37,M,Commercial,Pinecrest,2024-01-01,,,False,P-0008
M-02027,20,M,Commercial,Fairhaven,2024-01-01,,,False,P-0006
M-02028,48,F,Commercial,Stonebridge,2024-01-01,2025-04-21,,False,P-0010
M-02029,66,F,Medicare Advantage,Eastvale,2024-01-01,,,True,P-0041
M-02030,51,M,Medicaid,Fairhaven,2024-01-01,,,True,P-0006
M-02031,39,M,Commercial,Pinecrest,2024-01-01,,,False,P-0002
M-02032,38,F,Commercial,Fairhaven,2024-01-01,,,False,P-0006
M-02033,33,F,Commercial,Pinecrest,2024-03-27,,,False,P-0008
M-02034,48,F,Commercial,Lakemont,2024-12-02,,,False,P-0044
M-02035,52,F,Commercial,Pinecrest,2024-01-01,,,False,P-0008
M-02036,61,M,Commercial,Pinecrest,2024-01-01,2025-03-19,,False,P-0008
M-02037,62,F,Commercial,Lakemont,2024-01-01,2025-04-07,,False,P-0003
M-02038,26,M,Medicaid,Eastvale,2024-01-01,,,True,P-0015
M-02039,56,M,Commercial,Lakemont,2024-01-01,,,False,P-0003
M-02040,57,M,Medicaid,Rivergate,2024-01-01,2024-10-03,,True,P-0027
M-02041,63,M,Commercial,Fairhaven,2025-04-15,,,False,P-0032
M-02042,34,F,Commercial,Rivergate,2024-01-01,,,False,P-0001
M-02043,4,M,Commercial,Stonebridge,2024-04-24,2025-01-27,,False,P-0004
M-02044,59,M,Commercial,Pinecrest,2024-01-01,,,False,P-0027
M-02045,25,F,Commercial,Eastvale,2024-01-01,2024-05-02,,False,P-0029
M-02046,7,M,Commercial,Lakemont,2024-01-01,,,False,P-0044
M-02047,62,F,Medicaid,Lakemont,2024-01-01,,,True,P-0020
M-02048,77,M,Medicare Advantage,Eastvale,2024-09-26,,,True,P-0008
M-02049,75,M,Medicare Advantage,Lakemont,2024-01-01,,,True,P-0031
M-02050,60,F,Commercial,Fairhaven,2024-01-01,,,False,P-0044
M-02051,18,F,Commercial,Lakemont,2024-10-30,,,False,P-0003
M-02052,14,F,Commercial,Stonebridge,2024-01-01,2025-03-04,,False,P-0018
M-02053,2,F,Commercial,Lakemont,2024-01-01,,,False,P-0013
M-02054,14,F,Commercial,Stonebridge,2024-01-01,,,False,P-0004
M-02055,79,M,Medicaid,Lakemont,2024-01-01,,,True,P-0008
M-02056,87,M,Medicare Advantage,Fairhaven,2024-01-01,,,True,P-0006
M-02057,15,M,Medicaid,Lakemont,2024-01-01,,,True,P-0013
M-02058,55,F,Medicaid,Stonebridge,2024-01-01,,,True,P-0004
M-02059,48,M,Commercial,Fairhaven,2024-01-01,,,False,P-0006
M-02060,34,F,Commercial,Lakemont,2024-01-01,,,False,P-0031
M-02061,56,M,Medicaid,Pinecrest,2024-01-01,,,True,P-0001
M-02062,32,F,Medicaid,Rivergate,2024-01-01,,,True,P-0015
M-02063,69,F,Medicare Advantage,Stonebridge,2024-07-04,,,True,P-0004
M-02064,8,F,Commercial,Pinecrest,2024-01-01,,,False,P-0008
M-02065,61,M,Commercial,Lakemont,2024-01-01,,,False,P-0011
M-02066,35,F,Commercial,Fairhaven,2024-01-01,,,False,P-0006
M-02067,36,F,Commercial,Lakemont,2024-01-01,,,False,P-0044
M-02068,35,F,Commercial,Stonebridge,2024-01-01,,,False,P-0019
M-02069,72,M,Medicare Advantage,Rivergate,2024-01-01,,,True,P-0008
M-02070,71,M,Medicare Advantage,Fairhaven,2025-02-16,,,True,P-0006
M-02071,72,F,Medicare Advantage,Stonebridge,2024-01-01,,,True,P-0008
M-02072,84,F,Medicare Advantage,Rivergate,2024-01-01,,,True,P-0002
M-02073,58,M,Commercial,Lakemont,2025-04-20,,,False,P-0022
M-02074,56,M,Commercial,Eastvale,2024-09-15,,,False,P-0030
M-02075,42,M,Commercial,Lakemont,2024-01-01,,,False,P-0022
M-02076,34,M,Commercial,Lakemont,2024-01-01,,,False,P-0045
M-02077,61,M,Medicaid,Rivergate,2024-01-01,,,True,P-0007
M-02078,71,F,Medicare Advantage,Eastvale,2024-01-01,,,True,P-0035
M-02079,12,F,Commercial,Pinecrest,2024-01-01,,,False,P-0001
M-02080,64,M,Commercial,Stonebridge,2024-01-01,,,False,P-0004
M-02081,2,M,Commercial,Lakemont,2024-01-01,,,False,P-0013
M-02082,36,M,Medicaid,Stonebridge,2024-01-01,,,True,P-0004
M-02083,24,F,Commercial,Rivergate,2024-01-01,,,False,P-0002
M-02084,28,F,Commercial,Fairhaven,2024-01-01,,,False,P-0045
M-02085,73,M,Medicare Advantage,Rivergate,2024-01-01,,,True,P-0002
M-02086,17,M,Commercial,Stonebridge,2024-01-01,,,False,P-0033
M-02087,68,M,Medicaid,Pinecrest,2024-01-01,,,True,P-0001
M-02088,11,M,Medicaid,Fairhaven,2024-10-26,,,True,P-0037
M-02089,64,M,Commercial,Rivergate,2024-01-01,,,False,P-0007
M-02090,69,F,Medicare Advantage,Rivergate,2024-01-01,,,True,P-0034
M-02091,22,M,Medicaid,Eastvale,2024-01-01,,,True,P-0030
M-02092,35,M,Commercial,Stonebridge,2024-01-01,,,False,P-0021
M-02093,34,F,Commercial,Fairhaven,2024-01-01,,,False,P-0008
M-02094,14,F,Medicaid,Lakemont,2024-01-01,,,True,P-0010
M-02095,28,M,Commercial,Fairhaven,2024-01-01,,,False,P-0044
M-02096,48,F,Medicaid,Rivergate,2024-01-01,,,True,P-0017
M-02097,13,F,Medicaid,Fairhaven,2024-01-01,,,True,P-0033
M-02098,58,F,Commercial,Rivergate,2024-01-01,,,False,P-0008
M-02099,44,F,Commercial,Stonebridge,2024-01-01,,,False,P-0004
M-02100,72,F,Medicare Advantage,Lakemont,2024-01-01,,,True,P-0008
M-02101,23,M,Commercial,Stonebridge,2024-01-01,,,False,P-0004
M-02102,41,F,Medicaid,Pinecrest,2024-01-01,,,True,P-0001
M-02103,3,F,Medicaid,Rivergate,2024-01-01,,,True,P-0042
M-02104,40,F,Medicaid,Fairhaven,2024-01-01,,,True,P-0008
M-02105,20,F,Commercial,Lakemont,2024-01-01,,,False,P-0021
M-02106,44,F,Commercial,Rivergate,2024-01-01,2024-06-28,,False,P-0032
M-02107,63,M,Commercial,Lakemont,2024-01-01,,,False,P-0016
M-02108,62,M,Medicaid,Rivergate,2024-08-14,,,True,P-0001
M-02109,3,M,Medicaid,Eastvale,2024-01-01,,,True,P-0034
M-02110,7,M,Medicaid,Eastvale,2024-01-01,,,True,P-0030
M-02111,25,F,Medicaid,Lakemont,2024-01-01,,,True,P-0008
M-02112,87,F,Medicare Advantage,Pinecrest,2024-01-01,,,True,P-0003
M-02113,8,M,Commercial,Stonebridge,2024-01-01,,,False,P-0004
M-02114,15,F,Commercial,Stonebridge,2024-01-01,,,False,P-0030
M-02115,27,M,Commercial,Fairhaven,2024-01-01,,,False,P-0006
M-02116,51,M,Commercial,Pinecrest,2025-03-15,,,False,P-0036
M-02117,22,F,Commercial,Lakemont,2024-01-01,,,False,P-0013
M-02118,2,F,Medicaid,Pinecrest,2024-01-01,,,True,P-0026
M-02119,67,F,Medicare Advantage,Eastvale,2024-01-01,,,True,P-0025
M-02120,67,F,Medicaid,Lakemont,2024-01-01,,,True,P-0016
M-02121,49,F,Commercial,Stonebridge,2024-01-01,,,False,P-0008
M-02122,57,M,Commercial,Fairhaven,2024-01-01,,,False,P-0008
M-02123,25,M,Commercial,Stonebridge,2024-01-01,,,False,P-0004
M-02124,23,F,Commercial,Rivergate,2024-02-12,,,False,P-0013
M-02125,77,F,Medicare Advantage,Eastvale,2024-01-01,2025-04-01,,True,P-0003
M-02126,18,M,Medicaid,Eastvale,2024-01-01,,,True,P-0029
M-02127,57,M,Commercial,Pinecrest,2024-01-01,,,False,P-0002
M-02128,37,M,Commercial,Eastvale,2024-09-24,,,False,P-0025
M-02129,0,F,Medicaid,Eastvale,2024-01-01,,,True,P-0029
M-02130,53,F,Commercial,Stonebridge,2025-04-27,,,False,P-0004
M-02131,27,F,Commercial,Lakemont,2024-01-01,,,False,P-0030
M-02132,19,F,Medicaid,Lakemont,2024-01-01,,,True,P-0011
M-02133,45,F,Medicaid,Pinecrest,2024-01-01,,,True,P-0026
M-02134,54,M,Commercial,Pinecrest,2024-01-01,,,False,P-0002
M-02135,8,F,Commercial,Rivergate,2024-01-01,,,False,P-0007
M-02136,6,F,Medicaid,Pinecrest,2024-01-01,,,True,P-0026
M-02137,20,F,Commercial,Eastvale,2024-01-01,,,False,P-0035
M-02138,61,M,Commercial,Pinecrest,2024-01-01,,,False,P-0034
M-02139,15,M,Commercial,Pinecrest,2024-01-01,,,False,P-0008
M-02140,24,M,Commercial,Eastvale,2024-01-01,,,False,P-0012
M-02141,76,M,Medicare Advantage,Stonebridge,2024-09-18,,,True,P-0004
M-02142,63,F,Commercial,Rivergate,2024-01-01,,,False,P-0001
M-02143,70,F,Medicare Advantage,Pinecrest,2024-01-01,,,True,P-0043
M-02144,9,M,Medicaid,Fairhaven,2024-01-01,,,True,P-0033
M-02145,25,M,Commercial,Pinecrest,2024-01-01,,,False,P-0002
M-02146,42,M,Commercial,Fairhaven,2024-01-01,,,False,P-0033
M-02147,2,F,Commercial,Stonebridge,2024-01-01,,,False,P-0004
M-02148,6,F,Commercial,Rivergate,2024-01-01,2025-03-31,,False,P-0028
M-02149,22,F,Medicaid,Rivergate,2024-01-01,,,True,P-0042
M-02150,66,F,Medicare Advantage,Rivergate,2024-10-13,,,True,P-0001
M-02151,6,F,Medicaid,Fairhaven,2024-01-01,,,True,P-0006
M-02152,93,F,Medicare Advantage,Fairhaven,2024-01-01,,,True,P-0003
M-02153,55,F,Medicaid,Rivergate,2024-01-01,,,True,P-0009
M-02154,38,M,Medicaid,Fairhaven,2024-01-01,,,True,P-0044
M-02155,8,M,Commercial,Rivergate,2024-01-01,,,False,P-0007
M-02156,30,F,Commercial,Pinecrest,2025-01-07,,,False,P-0008
M-02157,99,M,Medicare Advantage,Fairhaven,2024-01-01,,,True,P-0044
M-02158,78,F,Medicare Advantage,Eastvale,2024-01-01,,,True,P-0007
M-02159,69,M,Medicare Advantage,Pinecrest,2024-01-01,,,True,P-0003
M-02160,64,M,Medicaid,Pinecrest,2024-01-01,,,True,P-0026
M-02161,5,M,Commercial,Rivergate,2024-01-01,,,False,P-0038
M-02162,61,F,Medicaid,Lakemont,2024-01-01,,,True,P-0003
M-02163,70,F,Medicare Advantage,Stonebridge,2024-01-01,,,True,P-0013
M-02164,25,M,Commercial,Rivergate,2024-01-01,,,False,P-0013
M-02165,9,F,Commercial,Stonebridge,2024-01-01,2025-01-04,,False,P-0004
M-02166,89,F,Medicare Advantage,Stonebridge,2024-01-01,,,True,P-0021
M-02167,13,F,Medicaid,Rivergate,2024-01-01,2024-09-06,,True,P-0034
M-02168,56,F,Commercial,Rivergate,2024-01-01,,,False,P-0042
M-02169,23,F,Medicaid,Pinecrest,2024-01-01,,,True,P-0008
M-02170,62,F,Commercial,Pinecrest,2024-01-01,,,False,P-0025
M-02171,18,F,Commercial,Pinecrest,2024-04-26,,,False,P-0044
M-02172,56,M,Commercial,Fairhaven,2024-01-01,,,False,P-0005
M-02173,18,F,Commercial,Pinecrest,2024-01-01,2025-03-04,,False,P-0008
M-02174,27,M,Medicaid,Stonebridge,2024-01-01,,,True,P-0004
M-02175,26,F,Commercial,Fairhaven,2024-01-01,,,False,P-0044
M-02176,41,F,Commercial,Stonebridge,2024-01-01,,,False,P-0021
M-02177,99,F,Medicare Advantage,Lakemont,2024-01-01,2024-09-01,,True,P-0036
M-02178,24,F,Commercial,Fairhaven,2024-01-01,,,False,P-0005
M-02179,23,F,Commercial,Rivergate,2025-02-17,,,False,P-0002
M-02180,72,F,Medicare Advantage,Stonebridge,2024-01-01,,,True,P-0018
M-02181,62,M,Commercial,Lakemont,2024-01-01,,,False,P-0008
M-02182,48,F,Medicaid,Pinecrest,2024-01-01,,,True,P-0001
M-02183,76,M,Medicaid,Pinecrest,2024-01-01,,,True,P-0001
M-02184,58,F,Medicaid,Fairhaven,2024-01-01,,,True,P-0032
M-02185,43,M,Medicaid,Eastvale,2024-01-01,,,True,P-0029
M-02186,43,M,Medicaid,Rivergate,2024-01-01,,,True,P-0007
M-02187,31,F,Commercial,Pinecrest,2024-01-01,,,False,P-0026
M-02188,60,F,Medicaid,Pinecrest,2024-01-01,,,True,P-0016
M-02189,26,F,Commercial,Lakemont,2024-01-01,,,False,P-0037
M-02190,51,F,Commercial,Lakemont,2024-01-01,,,False,P-0036
M-02191,77,M,Medicare Advantage,Fairhaven,2024-01-01,,,True,P-0008
M-02192,77,F,Medicare Advantage,Rivergate,2024-01-01,,,True,P-0008
M-02193,51,F,Commercial,Stonebridge,2024-01-01,,,False,P-0004
M-02194,9,F,Commercial,Rivergate,2024-01-01,,,False,P-0022
M-02195,23,M,Commercial,Fairhaven,2024-01-01,,,False,P-0006
M-02196,72,M,Medicare Advantage,Stonebridge,2024-01-01,2024-08-13,,True,P-0046
M-02197,37,M,Commercial,Eastvale,2025-03-17,,,False,P-0025
M-02198,49,F,Commercial,Fairhaven,2024-01-01,,,False,P-0008
M-02199,56,F,Medicaid,Fairhaven,2024-01-01,,,True,P-0006
M-02200,72,M,Medicare Advantage,Lakemont,2024-01-01,,,True,P-0045
M-02201,64,F,Commercial,Eastvale,2024-01-01,,,False,P-0018
M-02202,20,F,Commercial,Lakemont,2024-01-01,,,False,P-0016
M-02203,78,M,Medicare Advantage,Pinecrest,2024-01-01,,,True,P-0043
M-02204,80,M,Medicare Advantage,Pinecrest,2024-01-01,,,True,P-0001
M-02205,47,F,Commercial,Stonebridge,2024-01-01,,,False,P-0013
M-02206,52,M,Commercial,Stonebridge,2024-05-16,,,False,P-0006
M-02207,63,F,Commercial,Pinecrest,2024-01-01,,,False,P-0002
M-02208,41,F,Medicaid,Stonebridge,2024-01-01,,,True,P-0008
M-02209,4,F,Commercial,Pinecrest,2024-01-01,2025-03-14,,False,P-0041
M-02210,42,M,Medicaid,Eastvale,2024-01-01,,,True,P-0008
M-02211,36,F,Commercial,Rivergate,2024-01-01,,,False,P-0042
M-02212,30,M,Commercial,Rivergate,2024-01-01,,,False,P-0002
M-02213,19,F,Commercial,Pinecrest,2024-06-09,,,False,P-0041
M-02214,14,M,Medicaid,Eastvale,2024-01-01,,,True,P-0025
M-02215,55,F,Commercial,Pinecrest,2024-01-01,,,False,P-0008
M-02216,23,M,Medicaid,Eastvale,2024-01-01,,,True,P-0029
M-02217,49,F,Commercial,Lakemont,2024-01-01,,,False,P-0024
M-02218,56,F,Commercial,Lakemont,2024-01-01,,,False,P-0036
M-02219,68,F,Medicaid,Rivergate,2024-01-01,,,True,P-0008
M-02220,15,F,Medicaid,Fairhaven,2024-01-01,,,True,P-0015
M-02221,62,F,Commercial,Eastvale,2024-01-01,,,False,P-0008
M-02222,76,M,Medicaid,Fairhaven,2024-01-01,,,True,P-0017
M-02223,81,M,Medicare Advantage,Rivergate,2024-01-01,,,True,P-0034
M-02224,34,M,Commercial,Stonebridge,2024-01-01,,,False,P-0002
M-02225,11,F,Medicaid,Lakemont,2024-01-01,,,True,P-0036
M-02226,29,F,Commercial,Pinecrest,2024-01-01,,,False,P-0027
M-02227,46,F,Commercial,Fairhaven,2024-01-01,,,False,P-0006
M-02228,18,F,Medicaid,Stonebridge,2024-01-01,,,True,P-0004
M-02229,22,F,Medicaid,Eastvale,2024-01-01,,,True,P-0018
M-02230,8,F,Commercial,Eastvale,2024-01-01,2025-01-05,,False,P-0028
M-02231,69,F,Medicare Advantage,Eastvale,2024-01-01,,,True,P-0038
M-02232,10,M,Commercial,Rivergate,2024-01-01,,,False,P-0044
M-02233,13,M,Commercial,Stonebridge,2024-01-01,,,False,P-0004
M-02234,35,F,Commercial,Lakemont,2025-03-15,,,False,P-0008
M-02235,11,F,Medicaid,Pinecrest,2024-01-01,,,True,P-0043
M-02236,20,M,Commercial,Rivergate,2024-01-01,,,False,P-0043
M-02237,28,F,Medicaid,Pinecrest,2024-01-01,,,True,P-0008
M-02238,13,M,Commercial,Eastvale,2024-01-01,,,False,P-0029
M-02239,40,M,Commercial,Fairhaven,2024-01-01,2024-07-14,,False,P-0006
M-02240,26,M,Commercial,Fairhaven,2024-01-01,,,False,P-0008
M-02241,28,M,Commercial,Eastvale,2024-01-01,,,False,P-0030
M-02242,3,M,Medicaid,Rivergate,2024-01-01,,,True,P-0001
M-02243,21,M,Commercial,Lakemont,2024-01-01,,,False,P-0013
M-02244,14,M,Commercial,Fairhaven,2025-02-06,,,False,P-0008
M-02245,36,M,Commercial,Fairhaven,2024-01-01,,,False,P-0006
M-02246,86,M,Medicare Advantage,Fairhaven,2024-01-01,,,True,P-0008
M-02247,83,F,Medicare Advantage,Rivergate,2024-01-01,,,True,P-0007
M-02248,23,F,Commercial,Rivergate,2024-01-01,,,False,P-0002
M-02249,44,M,Medicaid,Lakemont,2024-01-01,,,True,P-0003
M-02250,55,M,Medicaid,Stonebridge,2024-01-01,,,True,P-0018
M-02251,39,M,Commercial,Pinecrest,2024-01-01,,,False,P-0001
M-02252,75,F,Medicaid,Fairhaven,2024-01-01,,,True,P-0025
M-02253,7,F,Commercial,Pinecrest,2024-03-04,,,False,P-0008
M-02254,22,M,Commercial,Lakemont,2024-01-01,2025-02-18,,False,P-0031
M-02255,49,M,Commercial,Rivergate,2024-01-01,,,False,P-0008
M-02256,80,F,Medicare Advantage,Stonebridge,2024-03-04,2025-04-22,,True,P-0030
M-02257,62,F,Commercial,Fairhaven,2025-01-11,,,False,P-0006
M-02258,42,M,Commercial,Eastvale,2024-11-27,,,False,P-0012
M-02259,56,M,Commercial,Pinecrest,2024-01-01,,,False,P-0008
M-02260,61,F,Commercial,Stonebridge,2024-01-01,,,False,P-0004
M-02261,33,M,Medicaid,Rivergate,2024-01-01,,,True,P-0007
M-02262,44,M,Commercial,Stonebridge,2024-01-01,,,False,P-0021
M-02263,84,F,Medicare Advantage,Eastvale,2024-01-01,,,True,P-0003
M-02264,15,M,Commercial,Rivergate,2024-01-01,,,False,P-0008
M-02265,29,M,Commercial,Lakemont,2024-08-26,2025-01-21,,False,P-0025
M-02266,20,M,Commercial,Rivergate,2024-01-01,,,False,P-0001
M-02267,16,F,Commercial,Stonebridge,2024-01-01,,,False,P-0038
M-02268,62,M,Medicaid,Eastvale,2024-01-01,,,True,P-0023
M-02269,79,M,Medicare Advantage,Lakemont,2024-01-01,,,True,P-0003
M-02270,9,F,Medicaid,Fairhaven,2024-01-01,,,True,P-0037
M-02271,58,F,Commercial,Pinecrest,2024-01-01,,,False,P-0002
M-02272,11,M,Commercial,Eastvale,2024-01-01,2024-10-14,,False,P-0046
M-02273,63,M,Commercial,Pinecrest,2024-02-24,,,False,P-0008
M-02274,37,F,Commercial,Stonebridge,2024-01-01,,,False,P-0044
M-02275,28,F,Medicaid,Lakemont,2024-01-01,,,True,P-0036
M-02276,41,F,Commercial,Stonebridge,2024-01-01,,,False,P-0004
M-02277,59,F,Commercial,Pinecrest,2024-01-01,,,False,P-0001
M-02278,80,M,Medicare Advantage,Stonebridge,2024-01-01,,,True,P-0008
M-02279,8,F,Commercial,Pinecrest,2024-01-01,,,False,P-0001
M-02280,33,M,Commercial,Fairhaven,2024-01-01,,,False,P-0017
M-02281,66,M,Medicare Advantage,Pinecrest,2024-01-01,,,True,P-0026
M-02282,3,M,Commercial,Pinecrest,2024-01-01,,,False,P-0002
M-02283,79,F,Medicaid,Rivergate,2024-01-01,,,True,P-0034
M-02284,43,M,Commercial,Lakemont,2024-01-01,,,False,P-0008
M-02285,54,F,Commercial,Rivergate,2024-01-01,,,False,P-0031
M-02286,42,M,Commercial,Lakemont,2024-01-01,2024-08-28,,False,P-0036
M-02287,62,M,Commercial,Eastvale,2024-01-01,,,False,P-0012
M-02288,15,M,Medicaid,Stonebridge,2024-10-01,,,True,P-0004
M-02289,19,M,Commercial,Stonebridge,2024-01-01,,,False,P-0004
M-02290,41,M,Commercial,Pinecrest,2024-11-10,,,False,P-0041
M-02291,69,M,Medicare Advantage,Eastvale,2024-01-01,,,True,P-0003
M-02292,51,F,Commercial,Rivergate,2024-01-01,2024-06-08,,False,P-0001
M-02293,18,M,Commercial,Pinecrest,2024-01-01,,,False,P-0008
M-02294,84,M,Medicare Advantage,Rivergate,2024-01-01,,,True,P-0002
M-02295,37,F,Medicaid,Lakemont,2024-01-01,,,True,P-0036
M-02296,28,F,Medicaid,Pinecrest,2024-01-01,,,True,P-0001
M-02297,81,M,Medicare Advantage,Rivergate,2024-01-01,,,True,P-0007
M-02298,17,M,Medicaid,Eastvale,2024-01-01,,,True,P-0038
M-02299,22,M,Commercial,Stonebridge,2024-01-01,,,False,P-0030
M-02300,9,M,Medicaid,Fairhaven,2024-01-01,,,True,P-0008
M-02301,73,F,Medicare Advantage,Stonebridge,2024-01-01,,,True,P-0004
M-02302,29,M,Medicaid,Fairhaven,2024-01-01,,,True,P-0010
M-02303,44,F,Commercial,Fairhaven,2024-01-01,,,False,P-0010
M-02304,83,M,Medicare Advantage,Lakemont,2024-01-01,,,True,P-0003
M-02305,14,M,Medicaid,Eastvale,2024-07-13,,,True,P-0008
M-02306,52,M,Commercial,Rivergate,2024-01-01,,,False,P-0002
M-02307,47,M,Medicaid,Eastvale,2024-01-01,,,True,P-0008
M-02308,59,M,Commercial,Lakemont,2024-01-01,,,False,P-0013
M-02309,33,M,Commercial,Rivergate,2024-01-01,,,False,P-0002
M-02310,29,M,Commercial,Eastvale,2024-01-01,,,False,P-0025
M-02311,36,F,Commercial,Fairhaven,2024-01-01,,,False,P-0034
M-02312,14,F,Medicaid,Stonebridge,2024-01-01,,,True,P-0004
M-02313,23,F,Medicaid,Pinecrest,2024-01-01,,,True,P-0002
M-02314,50,M,Commercial,Stonebridge,2024-01-01,,,False,P-0004
M-02315,42,F,Commercial,Fairhaven,2024-01-01,2024-06-28,,False,P-0016
M-02316,47,M,Commercial,Lakemont,2024-01-01,2025-05-24,,False,P-0034
M-02317,16,M,Medicaid,Rivergate,2024-01-01,,,True,P-0043
M-02318,52,M,Medicaid,Rivergate,2024-01-01,2025-03-02,,True,P-0008
M-02319,18,M,Commercial,Fairhaven,2024-01-01,,,False,P-0043
M-02320,28,F,Commercial,Stonebridge,2024-01-01,,,False,P-0026
M-02321,67,F,Medicare Advantage,Pinecrest,2024-01-01,,,True,P-0008
M-02322,26,F,Medicaid,Lakemont,2024-01-01,,,True,P-0011
M-02323,38,F,Medicaid,Pinecrest,2024-01-01,,,True,P-0008
M-02324,23,F,Commercial,Lakemont,2024-01-01,,,False,P-0008
M-02325,57,M,Commercial,Fairhaven,2024-01-01,,,False,P-0044
M-02326,46,M,Commercial,Pinecrest,2024-01-01,,,False,P-0002
M-02327,37,M,Commercial,Eastvale,2024-01-01,,,False,P-0008
M-02328,75,M,Medicare Advantage,Fairhaven,2024-01-01,,,True,P-0026
M-02329,78,M,Medicare Advantage,Rivergate,2024-01-01,,,True,P-0003
M-02330,65,F,Medicare Advantage,Pinecrest,2024-01-01,,,True,P-0026
M-02331,34,F,Commercial,Pinecrest,2024-12-03,,,False,P-0008
M-02332,66,M,Medicare Advantage,Stonebridge,2024-01-01,,,True,P-0004
M-02333,53,M,Medicaid,Eastvale,2024-01-01,,,True,P-0008
M-02334,28,M,Commercial,Pinecrest,2024-10-03,,,False,P-0002
M-02335,88,M,Medicare Advantage,Pinecrest,2024-04-10,,,True,P-0002
M-02336,48,F,Medicaid,Fairhaven,2024-01-01,,,True,P-0006
M-02337,35,F,Commercial,Stonebridge,2024-01-01,,,False,P-0021
M-02338,80,F,Medicaid,Lakemont,2024-01-01,,,True,P-0012
M-02339,83,M,Medicare Advantage,Fairhaven,2024-01-01,2025-04-27,,True,P-0006
M-02340,57,M,Commercial,Lakemont,2024-07-15,,,False,P-0029
M-02341,43,F,Medicaid,Eastvale,2024-01-01,,,True,P-0029
M-02342,49,M,Commercial,Eastvale,2024-01-01,,,False,P-0030
M-02343,12,M,Medicaid,Pinecrest,2024-01-01,,,True,P-0040
M-02344,64,M,Medicaid,Fairhaven,2024-01-01,,,True,P-0017
M-02345,0,M,Medicaid,Stonebridge,2024-01-01,,,True,P-0004
M-02346,60,F,Medicaid,Fairhaven,2024-01-01,,,True,P-0006
M-02347,16,F,Commercial,Lakemont,2024-01-01,,,False,P-0003
M-02348,50,M,Commercial,Lakemont,2024-01-01,,,False,P-0013
M-02349,41,M,Medicaid,Rivergate,2024-01-01,,,True,P-0002
M-02350,58,F,Commercial,Eastvale,2024-01-01,,,False,P-0008
M-02351,64,M,Commercial,Stonebridge,2024-01-01,,,False,P-0013
M-02352,38,M,Commercial,Lakemont,2024-01-01,,,False,P-0036
M-02353,1,M,Commercial,Stonebridge,2024-01-01,,,False,P-0021
M-02354,32,M,Commercial,Eastvale,2024-01-01,,,False,P-0008
M-02355,5,M,Medicaid,Fairhaven,2024-01-01,,,True,P-0004
M-02356,47,F,Commercial,Eastvale,2024-01-01,,,False,P-0025
M-02357,49,M,Commercial,Lakemont,2024-01-01,,,False,P-0011
M-02358,81,M,Medicare Advantage,Stonebridge,2024-01-01,2024-06-21,,True,P-0008
M-02359,56,F,Commercial,Stonebridge,2024-01-01,,,False,P-0016
M-02360,54,M,Commercial,Fairhaven,2024-01-01,,,False,P-0008
M-02361,43,M,Commercial,Fairhaven,2024-01-01,2025-02-14,,False,P-0008
M-02362,35,M,Commercial,Stonebridge,2024-01-01,,,False,P-0031
M-02363,51,M,Commercial,Lakemont,2024-01-01,,,False,P-0019
M-02364,15,F,Medicaid,Fairhaven,2024-01-01,,,True,P-0044
M-02365,15,F,Medicaid,Stonebridge,2024-01-01,,,True,P-0004
M-02366,41,M,Commercial,Rivergate,2024-01-01,,,False,P-0008
M-02367,53,M,Commercial,Rivergate,2024-01-01,,,False,P-0008
M-02368,6,M,Commercial,Eastvale,2024-01-01,,,False,P-0038
M-02369,37,M,Commercial,Pinecrest,2024-01-01,,,False,P-0008
M-02370,37,M,Commercial,Fairhaven,2024-01-01,,,False,P-0037
M-02371,40,F,Commercial,Rivergate,2024-01-01,,,False,P-0008
M-02372,65,F,Medicare Advantage,Rivergate,2024-01-01,,,True,P-0002
M-02373,28,M,Commercial,Rivergate,2024-01-01,,,False,P-0008
M-02374,35,F,Medicaid,Pinecrest,2024-01-01,,,True,P-0008
M-02375,12,F,Commercial,Eastvale,2024-01-01,,,False,P-0025
M-02376,63,M,Commercial,Stonebridge,2024-01-01,,,False,P-0023
M-02377,8,F,Medicaid,Rivergate,2024-01-01,,,True,P-0008
M-02378,40,F,Medicaid,Fairhaven,2024-01-01,2025-05-07,,True,P-0044
M-02379,62,M,Commercial,Eastvale,2024-01-01,,,False,P-0003
M-02380,68,F,Medicare Advantage,Rivergate,2024-01-01,,,True,P-0008
M-02381,42,M,Medicaid,Stonebridge,2024-02-12,,,True,P-0004
M-02382,24,F,Medicaid,Eastvale,2024-01-01,,,True,P-0046
M-02383,11,F,Medicaid,Pinecrest,2025-02-19,,,True,P-0008
M-02384,59,M,Commercial,Lakemont,2024-01-01,,,False,P-0039
M-02385,29,M,Commercial,Stonebridge,2025-03-07,,,False,P-0017
M-02386,28,M,Commercial,Eastvale,2024-01-01,,,False,P-0015
M-02387,12,F,Commercial,Eastvale,2024-01-01,,,False,P-0008
M-02388,57,M,Medicaid,Fairhaven,2024-01-01,,,True,P-0010
M-02389,9,F,Commercial,Pinecrest,2024-01-01,,,False,P-0008
M-02390,4,M,Medicaid,Lakemont,2024-01-01,,,True,P-0044
M-02391,17,M,Medicaid,Pinecrest,2024-01-01,,,True,P-0008
M-02392,10,F,Medicaid,Lakemont,2024-01-01,2024-07-23,,True,P-0008
M-02393,39,F,Commercial,Eastvale,2024-01-01,,,False,P-0008
M-02394,79,M,Medicare Advantage,Rivergate,2025-04-11,,,True,P-0001
M-02395,19,F,Commercial,Rivergate,2024-01-01,,,False,P-0007
M-02396,25,M,Commercial,Rivergate,2024-01-01,,,False,P-0002
M-02397,44,F,Commercial,Pinecrest,2024-01-01,,,False,P-0002
M-02398,73,M,Medicare Advantage,Stonebridge,2024-01-01,,,True,P-0008
M-02399,20,F,Medicaid,Lakemont,2024-01-01,,,True,P-0036
M-02400,24,M,Medicaid,Fairhaven,2025-03-30,,,True,P-0007
M-02401,66,F,Medicare Advantage,Stonebridge,2024-01-01,,,True,P-0004
M-02402,22,F,Commercial,Eastvale,2024-01-01,,,False,P-0035
M-02403,85,M,Medicare Advantage,Pinecrest,2024-12-29,,,True,P-0001
M-02404,35,F,Commercial,Lakemont,2024-07-16,,,False,P-0020
M-02405,41,M,Medicaid,Rivergate,2024-01-01,,,True,P-0001
M-02406,52,M,Commercial,Eastvale,2024-01-01,,,False,P-0029
M-02407,78,F,Medicare Advantage,Eastvale,2025-01-25,,,True,P-0025
M-02408,29,F,Commercial,Pinecrest,2024-01-01,,,False,P-0002
M-02409,10,M,Medicaid,Pinecrest,2024-01-01,,,True,P-0002
M-02410,6,F,Medicaid,Eastvale,2024-01-01,,,True,P-0008
M-02411,3,M,Medicaid,Stonebridge,2024-07-16,,,True,P-0004
M-02412,71,M,Medicaid,Eastvale,2024-01-01,,,True,P-0008
M-02413,51,F,Commercial,Pinecrest,2024-01-01,,,False,P-0041
M-02414,22,M,Medicaid,Rivergate,2024-01-01,,,True,P-0002
M-02415,8,M,Commercial,Stonebridge,2024-01-01,,,False,P-0004
M-02416,77,M,Medicaid,Eastvale,2024-01-01,2024-07-24,,True,P-0003
M-02417,35,F,Medicaid,Rivergate,2024-01-01,,,True,P-0008
M-02418,74,M,Medicare Advantage,Fairhaven,2024-01-01,,,True,P-0044
M-02419,17,M,Medicaid,Rivergate,2024-01-01,,,True,P-0019
M-02420,31,M,Commercial,Fairhaven,2024-01-01,,,False,P-0005
M-02421,60,M,Medicaid,Eastvale,2025-01-12,,,True,P-0023
M-02422,30,M,Medicaid,Eastvale,2024-05-18,,,True,P-0012
M-02423,51,F,Commercial,Stonebridge,2024-01-01,,,False,P-0008
M-02424,90,F,Medicare Advantage,Stonebridge,2024-04-04,,,True,P-0013
M-02425,55,M,Commercial,Rivergate,2024-01-01,,,False,P-0007
M-02426,62,F,Commercial,Stonebridge,2024-01-01,,,False,P-0004
M-02427,19,M,Commercial,Eastvale,2024-01-01,,,False,P-0038
M-02428,40,M,Medicaid,Lakemont,2024-01-01,,,True,P-0031
M-02429,70,M,Medicare Advantage,Pinecrest,2024-01-01,,,True,P-0028
M-02430,31,M,Commercial,Eastvale,2024-01-01,,,False,P-0038
M-02431,58,F,Commercial,Stonebridge,2024-01-01,,,False,P-0008
M-02432,50,M,Commercial,Eastvale,2024-01-01,,,False,P-0012
M-02433,11,F,Medicaid,Rivergate,2024-01-01,2025-02-23,,True,P-0007
M-02434,74,F,Medicare Advantage,Rivergate,2024-01-01,,,True,P-0002
M-02435,20,M,Commercial,Fairhaven,2024-01-01,,,False,P-0006
M-02436,15,F,Commercial,Fairhaven,2024-01-01,,,False,P-0037
M-02437,63,M,Commercial,Eastvale,2024-01-01,2025-04-27,,False,P-0012
M-02438,11,M,Medicaid,Pinecrest,2024-01-01,2025-06-30,,True,P-0043
M-02439,15,M,Commercial,Pinecrest,2024-01-01,,,False,P-0001
M-02440,0,M,Medicaid,Pinecrest,2024-01-01,2024-10-13,,True,P-0001
M-02441,12,M,Commercial,Fairhaven,2024-01-01,,,False,P-0033
M-02442,41,F,Medicaid,Pinecrest,2024-01-01,,,True,P-0001
M-02443,13,M,Commercial,Eastvale,2024-01-01,2024-09-05,,False,P-0029
M-02444,71,M,Medicare Advantage,Stonebridge,2024-01-01,,,True,P-0004
M-02445,18,M,Commercial,Fairhaven,2024-01-01,,,False,P-0032
M-02446,1,F,Commercial,Pinecrest,2024-01-01,,,False,P-0026
M-02447,19,F,Commercial,Fairhaven,2025-02-24,,,False,P-0006
M-02448,17,F,Commercial,Pinecrest,2024-01-01,,,False,P-0002
M-02449,51,F,Commercial,Pinecrest,2024-01-01,,,False,P-0043
M-02450,24,M,Medicaid,Rivergate,2024-01-01,,,True,P-0002
M-02451,49,M,Commercial,Rivergate,2024-01-01,,,False,P-0002
M-02452,58,F,Commercial,Pinecrest,2024-01-01,,,False,P-0002
M-02453,27,F,Commercial,Rivergate,2024-01-01,,,False,P-0001
M-02454,61,M,Commercial,Fairhaven,2024-08-31,,,False,P-0006
M-02455,76,F,Medicare Advantage,Lakemont,2024-01-01,,,True,P-0036
M-02456,0,M,Commercial,Rivergate,2024-04-16,2025-06-26,,False,P-0007
M-02457,11,M,Commercial,Eastvale,2024-01-01,,,False,P-0029
M-02458,66,F,Medicare Advantage,Lakemont,2024-01-01,,,True,P-0013
M-02459,11,F,Medicaid,Stonebridge,2024-01-01,,,True,P-0004
M-02460,27,M,Commercial,Stonebridge,2024-11-07,,,False,P-0008
M-02461,0,F,Medicaid,Fairhaven,2024-01-01,,,True,P-0017
M-02462,40,F,Commercial,Rivergate,2024-01-01,,,False,P-0008
M-02463,62,F,Commercial,Lakemont,2024-01-01,,,False,P-0013
M-02464,34,F,Commercial,Pinecrest,2024-01-01,,,False,P-0008
M-02465,77,M,Medicare Advantage,Stonebridge,2024-01-01,,,True,P-0016
M-02466,76,F,Medicare Advantage,Eastvale,2024-01-01,,,True,P-0013
M-02467,6,M,Medicaid,Rivergate,2024-01-01,2025-01-18,,True,P-0001
M-02468,35,F,Commercial,Eastvale,2024-01-01,,,False,P-0038
M-02469,19,M,Medicaid,Lakemont,2024-01-01,,,True,P-0016
M-02470,2,M,Medicaid,Eastvale,2024-01-01,,,True,P-0003
M-02471,20,M,Medicaid,Eastvale,2024-01-01,,,True,P-0029
M-02472,35,M,Commercial,Pinecrest,2024-01-01,,,False,P-0020
M-02473,50,F,Commercial,Pinecrest,2024-01-01,,,False,P-0027
M-02474,59,F,Medicaid,Fairhaven,2024-01-01,2024-08-13,,True,P-0006
M-02475,66,M,Medicare Advantage,Lakemont,2025-01-29,,,True,P-0008
M-02476,42,F,Commercial,Lakemont,2024-01-01,,,False,P-0022
M-02477,35,F,Medicaid,Pinecrest,2024-01-01,,,True,P-0002
M-02478,56,M,Commercial,Pinecrest,2024-01-01,,,False,P-0041
M-02479,58,F,Medicaid,Eastvale,2024-01-01,,,True,P-0021
M-02480,77,M,Medicare Advantage,Lakemont,2024-07-24,,2025-01-06,True,P-0013
M-02481,23,F,Commercial,Rivergate,2024-01-01,,,False,P-0002
M-02482,59,M,Commercial,Eastvale,2024-01-01,,,False,P-0015
M-02483,73,F,Medicare Advantage,Rivergate,2024-01-01,,,True,P-0002
M-02484,34,F,Commercial,Eastvale,2024-01-01,,,False,P-0028
M-02485,57,F,Medicaid,Fairhaven,2024-01-01,,,True,P-0006
M-02486,58,M,Commercial,Lakemont,2024-01-01,,,False,P-0045
M-02487,24,M,Commercial,Lakemont,2024-01-01,,,False,P-0013
M-02488,77,M,Medicare Advantage,Rivergate,2024-01-01,,,True,P-0042
M-02489,70,F,Medicare Advantage,Lakemont,2024-01-01,,,True,P-0016
M-02490,30,M,Commercial,Eastvale,2024-01-01,2024-06-09,,False,P-0026
M-02491,36,F,Commercial,Eastvale,2024-01-01,2024-07-12,,False,P-0039
M-02492,42,F,Medicaid,Eastvale,2024-01-01,2025-07-27,,True,P-0032
M-02493,51,M,Commercial,Fairhaven,2024-01-01,,,False,P-0008
M-02494,2,M,Medicaid,Stonebridge,2024-01-01,,,True,P-0018
M-02495,15,F,Medicaid,Fairhaven,2024-01-01,,,True,P-0016
M-02496,1,F,Commercial,Pinecrest,2024-01-01,,,False,P-0026
M-02497,55,M,Commercial,Eastvale,2024-01-01,,,False,P-0030
M-02498,48,F,Medicaid,Stonebridge,2024-01-01,,,True,P-0004
M-02499,1,F,Commercial,Lakemont,2024-01-01,,,False,P-0008
M-02500,12,M,Commercial,Fairhaven,2024-01-01,,,False,P-0044
